user_id,date_time,search_date,search_year,search_month,search_month_name,search_quarter,search_year_quarter,search_year_month,search_year_week,search_day_of_week,search_hour,srch_ci,srch_co,lead_time_days,lead_time_category,stay_duration,party_size,channel,channel_conversion_rate,is_mobile,device_type,is_package,package_type,site_name,user_location_country,user_location_region,user_location_city,posa_continent,srch_adults_cnt,srch_children_cnt,srch_rm_cnt,srch_destination_id,destination_conversion_rate,destination_searches,srch_destination_type_id,orig_destination_distance,hotel_continent,hotel_country,hotel_market,hotel_cluster,is_booking,booking_status,cnt
855053,2013-01-09 08:45:00,2013-01-09,2013,1,January,1,2013-Q1,2013-01,2013-W02,Wednesday,8,2013-02-05,2013-02-07,26.0,Short Term (8-30 days),2.0,4,9,8.54,0,Desktop,0,Non-Package,2,66,337,23208,3,4,0,4,12245,2.44,82,6,1131.8353,6,204,27,38,0,Search Only,1
558513,2013-01-10 19:09:00,2013-01-10,2013,1,January,1,2013-Q1,2013-01,2013-W02,Thursday,19,2013-01-11,2013-01-13,0.0,Last Minute (0-7 days),2.0,2,9,8.54,0,Desktop,0,Non-Package,2,66,314,37814,3,2,0,1,11569,9.82,224,1,107.0045,2,50,623,32,0,Search Only,1
605295,2013-01-12 14:56:00,2013-01-12,2013,1,January,1,2013-Q1,2013-01,2013-W02,Saturday,14,2013-06-15,2013-06-20,153.0,Long Term (>90 days),5.0,3,9,8.54,0,Desktop,0,Non-Package,2,66,462,11038,3,2,1,2,8291,7.13,589,1,2229.3,2,50,191,59,1,Booked,1
557916,2013-01-18 08:42:00,2013-01-18,2013,1,January,1,2013-Q1,2013-01,2013-W03,Friday,8,2013-05-25,2013-05-30,126.0,Long Term (>90 days),5.0,2,9,8.54,0,Desktop,1,Package,2,66,321,47535,3,2,0,1,8253,4.96,1310,1,4014.5979,6,70,19,5,0,Search Only,2
299290,2013-01-24 13:00:00,2013-01-24,2013,1,January,1,2013-Q1,2013-01,2013-W04,Thursday,13,2013-03-31,2013-04-01,65.0,Medium Term (31-90 days),1.0,2,5,9.43,0,Desktop,0,Non-Package,11,205,155,13951,3,2,0,1,11353,5.24,477,1,2775.5678,2,50,699,31,0,Search Only,1
681489,2013-02-12 10:48:00,2013-02-12,2013,2,February,1,2013-Q1,2013-02,2013-W07,Tuesday,10,2013-03-05,2013-03-08,20.0,Short Term (8-30 days),3.0,2,5,9.43,0,Desktop,0,Non-Package,23,1,436,21686,1,2,0,1,8739,5.9,305,1,577.0419,6,144,4,29,0,Search Only,1
171069,2013-02-14 07:43:00,2013-02-14,2013,2,February,1,2013-Q1,2013-02,2013-W07,Thursday,7,2013-06-05,2013-06-10,110.0,Long Term (>90 days),5.0,2,9,8.54,0,Desktop,0,Non-Package,2,66,348,48862,3,2,0,1,23731,5.26,19,1,5126.9371,6,22,301,67,0,Search Only,1
680645,2013-02-20 18:03:00,2013-02-20,2013,2,February,1,2013-Q1,2013-02,2013-W08,Wednesday,18,2013-04-01,2013-04-04,39.0,Medium Term (31-90 days),3.0,3,9,8.54,0,Desktop,0,Non-Package,2,66,184,18716,3,2,1,1,8250,6.92,3568,1,607.2467,2,50,628,1,0,Search Only,2
641129,2013-02-27 17:43:00,2013-02-27,2013,2,February,1,2013-Q1,2013-02,2013-W09,Wednesday,17,2013-05-25,2013-05-26,86.0,Medium Term (31-90 days),1.0,2,9,8.54,0,Desktop,0,Non-Package,2,66,337,13548,3,2,0,1,8252,8.74,206,1,3394.8857,6,170,313,29,0,Search Only,1
272100,2013-03-08 11:12:00,2013-03-08,2013,3,March,1,2013-Q1,2013-03,2013-W10,Friday,11,2013-08-25,2013-08-29,169.0,Long Term (>90 days),4.0,4,9,8.54,0,Desktop,1,Package,2,66,348,47997,3,4,0,1,11439,2.01,946,1,1552.6505,4,163,1503,65,0,Search Only,1
501762,2013-03-09 16:57:00,2013-03-09,2013,3,March,1,2013-Q1,2013-03,2013-W10,Saturday,16,2013-03-29,2013-04-02,19.0,Short Term (8-30 days),4.0,3,0,7.19,0,Desktop,1,Package,23,1,436,21686,1,2,1,1,8739,5.9,305,1,576.3363,6,144,4,46,0,Search Only,2
1167228,2013-03-18 11:39:00,2013-03-18,2013,3,March,1,2013-Q1,2013-03,2013-W12,Monday,11,2013-06-01,2013-06-05,74.0,Medium Term (31-90 days),4.0,2,1,6.97,0,Desktop,0,Non-Package,24,3,50,5703,2,2,0,1,8265,5.43,129,1,1131.8353,2,50,647,16,0,Search Only,1
351136,2013-03-21 07:28:00,2013-03-21,2013,3,March,1,2013-Q1,2013-03,2013-W12,Thursday,7,2013-06-01,2013-06-02,71.0,Medium Term (31-90 days),1.0,2,9,8.54,0,Desktop,0,Non-Package,2,66,435,33971,3,1,1,1,8267,5.99,2739,1,543.9648,2,50,675,91,0,Search Only,1
397916,2013-03-28 14:21:00,2013-03-28,2013,3,March,1,2013-Q1,2013-03,2013-W13,Thursday,14,2013-04-18,2013-04-21,20.0,Short Term (8-30 days),3.0,3,0,7.19,0,Desktop,0,Non-Package,2,66,288,11997,3,2,1,1,8267,5.99,2739,1,1102.1542,2,50,675,41,0,Search Only,2
187265,2013-03-30 08:21:00,2013-03-30,2013,3,March,1,2013-Q1,2013-03,2013-W13,Saturday,8,2013-04-02,2013-04-03,2.0,Last Minute (0-7 days),1.0,1,9,8.54,0,Desktop,0,Non-Package,2,154,535,35261,3,1,0,1,205,0.0,1,3,1131.8353,4,119,2060,58,0,Search Only,5
689508,2013-03-30 13:15:00,2013-03-30,2013,3,March,1,2013-Q1,2013-03,2013-W13,Saturday,13,2013-06-15,2013-06-20,76.0,Medium Term (31-90 days),5.0,3,2,6.05,0,Desktop,0,Non-Package,37,69,761,41949,1,2,1,1,8802,7.25,69,1,1131.8353,2,50,503,90,0,Search Only,3
580221,2013-04-11 09:42:00,2013-04-11,2013,4,April,2,2013-Q2,2013-04,2013-W15,Thursday,9,2013-07-26,2013-07-28,105.0,Long Term (>90 days),2.0,2,9,8.54,0,Desktop,1,Package,2,66,337,44102,3,2,0,1,12257,4.3,279,6,1610.8993,4,51,1509,0,0,Search Only,1
7022,2013-04-17 15:07:00,2013-04-17,2013,4,April,2,2013-Q2,2013-04,2013-W16,Wednesday,15,2013-04-19,2013-04-20,1.0,Last Minute (0-7 days),1.0,2,9,8.54,0,Desktop,0,Non-Package,2,66,462,49272,3,2,0,1,26414,7.81,192,6,120.5721,2,198,399,89,0,Search Only,1
614250,2013-04-18 20:46:00,2013-04-18,2013,4,April,2,2013-Q2,2013-04,2013-W16,Thursday,20,2013-05-01,2013-05-02,12.0,Short Term (8-30 days),1.0,3,9,8.54,1,Mobile,0,Non-Package,2,66,462,49272,3,3,0,3,12184,17.86,28,6,2487.5024,2,50,690,25,0,Search Only,1
652942,2013-04-19 08:07:00,2013-04-19,2013,4,April,2,2013-Q2,2013-04,2013-W16,Friday,8,2013-04-27,2013-04-28,7.0,Last Minute (0-7 days),1.0,4,9,8.54,0,Desktop,0,Non-Package,2,66,311,30031,3,4,0,2,28649,0.0,3,6,64.9869,2,50,691,82,0,Search Only,1
488079,2013-04-22 04:45:00,2013-04-22,2013,4,April,2,2013-Q2,2013-04,2013-W17,Monday,4,2013-04-28,2013-04-30,5.0,Last Minute (0-7 days),2.0,3,1,6.97,0,Desktop,0,Non-Package,24,3,50,13871,2,2,1,1,8242,5.76,660,1,1131.8353,3,171,61,6,0,Search Only,1
1189203,2013-04-28 17:49:00,2013-04-28,2013,4,April,2,2013-Q2,2013-04,2013-W17,Sunday,17,2013-06-11,2013-06-17,43.0,Medium Term (31-90 days),6.0,2,0,7.19,0,Desktop,0,Non-Package,2,66,340,52984,3,2,0,1,24789,0.0,3,6,1967.5457,2,50,498,7,0,Search Only,2
1095231,2013-04-29 18:39:00,2013-04-29,2013,4,April,2,2013-Q2,2013-04,2013-W18,Monday,18,2013-12-05,2013-12-11,219.0,Long Term (>90 days),6.0,2,9,8.54,0,Desktop,1,Package,2,66,189,2871,3,2,0,1,8745,5.4,1296,1,3517.5827,6,204,27,64,0,Search Only,9
179771,2013-04-30 16:15:00,2013-04-30,2013,4,April,2,2013-Q2,2013-04,2013-W18,Tuesday,16,2013-07-10,2013-07-13,70.0,Medium Term (31-90 days),3.0,2,9,8.54,0,Desktop,1,Package,2,66,226,42300,3,2,0,1,8791,3.73,1691,1,887.1723,4,8,110,89,0,Search Only,1
571065,2013-05-02 12:02:00,2013-05-02,2013,5,May,2,2013-Q2,2013-05,2013-W18,Thursday,12,2013-06-14,2013-06-16,42.0,Medium Term (31-90 days),2.0,2,2,6.05,0,Desktop,0,Non-Package,2,66,174,50,3,2,0,1,6045,0.0,3,3,140.2742,2,50,365,97,0,Search Only,1
249042,2013-05-19 16:05:00,2013-05-19,2013,5,May,2,2013-Q2,2013-05,2013-W20,Sunday,16,2014-01-03,2014-01-08,228.0,Long Term (>90 days),5.0,3,9,8.54,0,Desktop,1,Package,13,46,244,33092,1,3,0,1,7635,4.76,714,3,1131.8353,2,50,675,98,0,Search Only,7
526007,2013-05-25 15:11:00,2013-05-25,2013,5,May,2,2013-Q2,2013-05,2013-W21,Saturday,15,2013-08-06,2013-08-08,72.0,Medium Term (31-90 days),2.0,4,9,8.54,0,Desktop,0,Non-Package,2,66,363,12487,3,2,2,1,12233,5.68,405,6,1131.8353,2,50,675,98,0,Search Only,1
350887,2013-05-26 03:12:00,2013-05-26,2013,5,May,2,2013-Q2,2013-05,2013-W21,Sunday,3,2013-08-02,2013-08-17,67.0,Medium Term (31-90 days),15.0,2,1,6.97,0,Desktop,1,Package,2,46,244,33092,3,1,1,1,13626,0.0,8,4,1131.8353,2,50,1241,41,0,Search Only,8
1060042,2013-06-02 14:08:00,2013-06-02,2013,6,June,2,2013-Q2,2013-06,2013-W22,Sunday,14,2013-06-18,2013-06-19,15.0,Short Term (8-30 days),1.0,5,9,8.54,0,Desktop,0,Non-Package,2,66,174,40789,3,2,3,1,25325,22.22,9,6,2288.9494,2,50,728,91,0,Search Only,1
794356,2013-06-03 17:00:00,2013-06-03,2013,6,June,2,2013-Q2,2013-06,2013-W23,Monday,17,2013-08-19,2013-08-25,76.0,Medium Term (31-90 days),6.0,1,9,8.54,0,Desktop,0,Non-Package,2,66,189,5113,3,1,0,1,12228,4.9,143,6,1243.2022,2,50,411,10,0,Search Only,1
1131126,2013-06-06 17:40:00,2013-06-06,2013,6,June,2,2013-Q2,2013-06,2013-W23,Thursday,17,2013-06-18,2013-06-19,11.0,Short Term (8-30 days),1.0,3,7,4.32,0,Desktop,0,Non-Package,2,66,220,2086,3,2,1,1,29924,0.0,3,4,2339.1024,2,50,365,6,0,Search Only,1
12515,2013-06-09 18:02:00,2013-06-09,2013,6,June,2,2013-Q2,2013-06,2013-W23,Sunday,18,2014-03-01,2014-03-02,264.0,Long Term (>90 days),1.0,2,2,6.05,0,Desktop,0,Non-Package,2,82,862,48871,3,1,1,1,40862,10.0,30,4,1131.8353,2,50,701,51,0,Search Only,2
1016046,2013-06-14 18:06:00,2013-06-14,2013,6,June,2,2013-Q2,2013-06,2013-W24,Friday,18,2013-06-20,2013-06-22,5.0,Last Minute (0-7 days),2.0,1,0,7.19,1,Mobile,1,Package,2,66,348,52091,3,1,0,1,8224,10.79,139,1,3646.9522,6,135,278,2,0,Search Only,1
572659,2013-06-18 12:29:00,2013-06-18,2013,6,June,2,2013-Q2,2013-06,2013-W25,Tuesday,12,2013-06-21,2013-06-23,2.0,Last Minute (0-7 days),2.0,2,0,7.19,0,Desktop,0,Non-Package,2,66,174,11875,3,2,0,1,17869,9.52,21,4,1131.8353,2,50,366,39,0,Search Only,2
804556,2013-06-20 11:58:00,2013-06-20,2013,6,June,2,2013-Q2,2013-06,2013-W25,Thursday,11,2013-07-01,2013-07-05,10.0,Short Term (8-30 days),4.0,2,9,8.54,0,Desktop,1,Package,2,66,149,53020,3,2,0,1,8267,5.99,2739,1,1049.7305,2,50,675,41,0,Search Only,1
236780,2013-06-20 18:00:00,2013-06-20,2013,6,June,2,2013-Q2,2013-06,2013-W25,Thursday,18,2013-08-21,2013-08-23,61.0,Medium Term (31-90 days),2.0,2,1,6.97,0,Desktop,0,Non-Package,2,66,348,48862,3,2,0,1,8250,6.92,3568,1,2233.3456,2,50,628,24,0,Search Only,1
565125,2013-06-24 06:33:00,2013-06-24,2013,6,June,2,2013-Q2,2013-06,2013-W26,Monday,6,2013-07-03,2013-07-08,8.0,Short Term (8-30 days),5.0,2,9,8.54,0,Desktop,1,Package,2,80,41,37868,3,2,0,1,8791,3.73,1691,1,1131.8353,4,8,110,65,0,Search Only,1
202662,2013-06-24 06:40:00,2013-06-24,2013,6,June,2,2013-Q2,2013-06,2013-W26,Monday,6,2013-09-17,2013-09-22,84.0,Medium Term (31-90 days),5.0,2,9,8.54,0,Desktop,0,Non-Package,2,148,470,32789,3,2,0,1,8253,4.96,1310,1,1131.8353,6,70,19,76,0,Search Only,1
585608,2013-06-24 13:38:00,2013-06-24,2013,6,June,2,2013-Q2,2013-06,2013-W26,Monday,13,2013-07-17,2013-07-18,22.0,Short Term (8-30 days),1.0,1,9,8.54,0,Desktop,0,Non-Package,2,66,331,36172,3,1,0,1,29440,25.0,4,4,498.2349,2,50,638,6,1,Booked,1
1139653,2013-06-24 22:12:00,2013-06-24,2013,6,June,2,2013-Q2,2013-06,2013-W26,Monday,22,2013-06-27,2013-07-03,2.0,Last Minute (0-7 days),6.0,2,9,8.54,0,Desktop,0,Non-Package,2,66,174,24103,3,2,0,1,8745,5.4,1296,1,5651.7753,6,204,27,50,0,Search Only,2
163634,2013-06-28 15:15:00,2013-06-28,2013,6,June,2,2013-Q2,2013-06,2013-W26,Friday,15,2013-08-17,2013-08-19,49.0,Medium Term (31-90 days),2.0,2,1,6.97,0,Desktop,0,Non-Package,2,66,174,47287,3,2,0,1,12269,7.64,157,6,374.3714,2,50,1230,19,0,Search Only,1
824699,2013-06-28 19:21:00,2013-06-28,2013,6,June,2,2013-Q2,2013-06,2013-W26,Friday,19,2013-06-30,2013-07-01,1.0,Last Minute (0-7 days),1.0,3,0,7.19,1,Mobile,0,Non-Package,11,205,354,25315,3,2,1,1,25999,0.0,11,1,62.0529,2,198,954,91,0,Search Only,1
1089002,2013-06-29 15:55:00,2013-06-29,2013,6,June,2,2013-Q2,2013-06,2013-W26,Saturday,15,2013-10-19,2013-10-21,111.0,Long Term (>90 days),2.0,3,9,8.54,1,Mobile,0,Non-Package,2,214,120,44613,3,2,1,1,468,6.0,617,1,1131.8353,3,48,153,97,0,Search Only,1
512464,2013-06-30 10:58:00,2013-06-30,2013,6,June,2,2013-Q2,2013-06,2013-W26,Sunday,10,2013-07-14,2013-07-20,13.0,Short Term (8-30 days),6.0,1,0,7.19,0,Desktop,1,Package,2,66,356,38434,3,1,0,1,25169,0.0,7,6,2476.8853,2,50,674,10,0,Search Only,1
612205,2013-07-02 12:49:00,2013-07-02,2013,7,July,3,2013-Q3,2013-07,2013-W27,Tuesday,12,2013-07-15,2013-07-19,12.0,Short Term (8-30 days),4.0,3,0,7.19,1,Mobile,0,Non-Package,2,66,348,18487,3,2,1,1,8268,4.61,1409,1,975.8641,2,50,682,71,0,Search Only,1
88598,2013-07-02 17:58:00,2013-07-02,2013,7,July,3,2013-Q3,2013-07,2013-W27,Tuesday,17,2014-03-24,2014-03-28,264.0,Long Term (>90 days),4.0,0,9,8.54,1,Mobile,1,Package,2,66,315,10061,3,0,0,1,8253,4.96,1310,1,3164.7009,6,70,19,56,0,Search Only,1
149982,2013-07-13 17:08:00,2013-07-13,2013,7,July,3,2013-Q3,2013-07,2013-W28,Saturday,17,2013-08-12,2013-08-15,29.0,Short Term (8-30 days),3.0,3,9,8.54,0,Desktop,0,Non-Package,2,66,174,41886,3,2,1,1,12184,17.86,28,6,2550.7183,2,50,690,98,0,Search Only,1
627011,2013-07-23 22:18:00,2013-07-23,2013,7,July,3,2013-Q3,2013-07,2013-W30,Tuesday,22,2013-08-13,2013-08-14,20.0,Short Term (8-30 days),1.0,4,2,6.05,0,Desktop,0,Non-Package,2,66,442,46296,3,2,2,1,5252,25.0,4,3,265.6143,2,50,406,91,0,Search Only,1
852295,2013-07-29 07:45:00,2013-07-29,2013,7,July,3,2013-Q3,2013-07,2013-W31,Monday,7,2013-07-30,2013-08-01,0.0,Last Minute (0-7 days),2.0,2,9,8.54,0,Desktop,0,Non-Package,2,66,174,16631,3,1,1,1,12291,40.0,5,5,1131.8353,2,50,623,47,1,Booked,1
568818,2013-07-30 10:25:00,2013-07-30,2013,7,July,3,2013-Q3,2013-07,2013-W31,Tuesday,10,2013-09-28,2013-10-02,59.0,Medium Term (31-90 days),4.0,4,9,8.54,1,Mobile,0,Non-Package,2,66,348,48862,3,2,2,1,11373,5.88,272,1,1100.8328,4,128,1455,96,0,Search Only,4
399316,2013-07-30 19:09:00,2013-07-30,2013,7,July,3,2013-Q3,2013-07,2013-W31,Tuesday,19,2014-02-12,2014-02-16,196.0,Long Term (>90 days),4.0,2,9,8.54,0,Desktop,1,Package,37,69,772,2058,1,2,0,1,12576,7.53,93,5,1131.8353,2,50,675,56,0,Search Only,1
701911,2013-07-31 09:01:00,2013-07-31,2013,7,July,3,2013-Q3,2013-07,2013-W31,Wednesday,9,2013-08-02,2013-08-03,1.0,Last Minute (0-7 days),1.0,3,2,6.05,0,Desktop,0,Non-Package,11,205,135,36086,3,2,1,1,7992,0.0,1,3,1873.5623,2,198,384,51,0,Search Only,4
307431,2013-08-04 12:34:00,2013-08-04,2013,8,August,3,2013-Q3,2013-08,2013-W31,Sunday,12,2013-08-08,2013-08-09,3.0,Last Minute (0-7 days),1.0,2,9,8.54,1,Mobile,0,Non-Package,11,205,155,23672,3,2,0,1,23401,8.33,12,6,301.1131,2,50,1179,10,1,Booked,1
940384,2013-08-09 06:32:00,2013-08-09,2013,8,August,3,2013-Q3,2013-08,2013-W32,Friday,6,2013-08-26,2013-08-30,16.0,Short Term (8-30 days),4.0,1,7,4.32,0,Desktop,0,Non-Package,24,3,49,42325,2,1,0,1,8746,5.47,731,1,1131.8353,6,105,29,78,0,Search Only,1
54751,2013-08-13 13:39:00,2013-08-13,2013,8,August,3,2013-Q3,2013-08,2013-W33,Tuesday,13,2013-08-17,2013-08-19,3.0,Last Minute (0-7 days),2.0,2,9,8.54,0,Desktop,1,Package,2,66,448,2882,3,2,0,1,11372,1.94,103,1,1217.8071,4,121,199,92,0,Search Only,1
762103,2013-08-19 14:42:00,2013-08-19,2013,8,August,3,2013-Q3,2013-08,2013-W34,Monday,14,2013-08-24,2013-08-25,4.0,Last Minute (0-7 days),1.0,2,0,7.19,0,Desktop,0,Non-Package,37,69,761,41949,1,2,0,1,18477,0.0,1,1,1131.8353,6,70,1912,86,0,Search Only,1
297424,2013-08-21 18:06:00,2013-08-21,2013,8,August,3,2013-Q3,2013-08,2013-W34,Wednesday,18,2013-09-03,2013-09-05,12.0,Short Term (8-30 days),2.0,1,0,7.19,0,Desktop,1,Package,2,66,331,37133,3,1,0,1,8254,6.56,793,1,2028.2951,2,50,365,49,1,Booked,1
130301,2013-08-26 21:43:00,2013-08-26,2013,8,August,3,2013-Q3,2013-08,2013-W35,Monday,21,2013-08-27,2013-09-01,0.0,Last Minute (0-7 days),5.0,2,9,8.54,0,Desktop,0,Non-Package,34,205,354,21728,3,2,0,1,24919,4.26,47,6,338.0369,2,50,676,21,0,Search Only,1
312311,2013-08-27 14:04:00,2013-08-27,2013,8,August,3,2013-Q3,2013-08,2013-W35,Tuesday,14,2014-02-03,2014-02-05,159.0,Long Term (>90 days),2.0,5,0,7.19,0,Desktop,0,Non-Package,11,205,135,36086,3,4,1,1,12226,4.76,42,6,2496.9682,2,50,701,91,0,Search Only,1
22203,2013-09-01 16:00:00,2013-09-01,2013,9,September,3,2013-Q3,2013-09,2013-W35,Sunday,16,2014-01-11,2014-01-13,131.0,Long Term (>90 days),2.0,2,1,6.97,0,Desktop,1,Package,24,3,64,12576,2,2,0,1,19945,10.53,19,6,1131.8353,3,99,88,81,0,Search Only,1
1041856,2013-09-03 22:53:00,2013-09-03,2013,9,September,3,2013-Q3,2013-09,2013-W36,Tuesday,22,2013-10-15,2013-10-19,41.0,Medium Term (31-90 days),4.0,2,9,8.54,0,Desktop,0,Non-Package,2,66,174,1112,3,1,1,1,12233,5.68,405,6,2571.4608,2,50,675,70,0,Search Only,1
816327,2013-09-12 18:17:00,2013-09-12,2013,9,September,3,2013-Q3,2013-09,2013-W37,Thursday,18,2013-10-05,2013-10-06,22.0,Short Term (8-30 days),1.0,2,9,8.54,0,Desktop,0,Non-Package,2,66,311,22875,3,2,0,1,8829,6.52,46,1,1131.8353,2,50,693,72,0,Search Only,1
844144,2013-09-15 11:13:00,2013-09-15,2013,9,September,3,2013-Q3,2013-09,2013-W37,Sunday,11,2013-10-31,2013-11-01,45.0,Medium Term (31-90 days),1.0,2,9,8.54,0,Desktop,0,Non-Package,34,205,155,14703,3,2,0,1,1351,0.0,2,3,5431.2285,6,105,1869,82,0,Search Only,1
771881,2013-09-22 20:12:00,2013-09-22,2013,9,September,3,2013-Q3,2013-09,2013-W38,Sunday,20,2013-11-01,2013-11-08,39.0,Medium Term (31-90 days),7.0,2,3,6.04,0,Desktop,1,Package,11,205,354,48951,3,2,0,1,8814,2.06,243,1,1921.4327,4,51,197,0,0,Search Only,2
513614,2013-09-23 18:06:00,2013-09-23,2013,9,September,3,2013-Q3,2013-09,2013-W39,Monday,18,2014-03-06,2014-03-07,163.0,Long Term (>90 days),1.0,4,9,8.54,0,Desktop,1,Package,34,205,354,41495,3,2,2,1,11439,2.01,946,1,1851.1776,4,163,1503,52,0,Search Only,4
252498,2013-10-02 17:26:00,2013-10-02,2013,10,October,4,2013-Q4,2013-10,2013-W40,Wednesday,17,2013-10-04,2013-10-10,1.0,Last Minute (0-7 days),6.0,1,9,8.54,0,Desktop,0,Non-Package,2,133,20,3392,3,1,0,1,8745,5.4,1296,1,1131.8353,6,204,27,11,0,Search Only,1
743946,2013-10-06 18:49:00,2013-10-06,2013,10,October,4,2013-Q4,2013-10,2013-W40,Sunday,18,2014-04-13,2014-04-15,188.0,Long Term (>90 days),2.0,2,0,7.19,0,Desktop,0,Non-Package,2,66,331,38255,3,2,0,1,23116,6.67,30,6,3802.6815,6,70,761,29,0,Search Only,1
500872,2013-10-15 11:44:00,2013-10-15,2013,10,October,4,2013-Q4,2013-10,2013-W42,Tuesday,11,2014-01-11,2014-01-15,87.0,Medium Term (31-90 days),4.0,3,5,9.43,0,Desktop,0,Non-Package,36,115,952,17194,2,2,1,1,12356,7.78,90,5,1131.8353,3,182,46,36,0,Search Only,1
1000700,2013-10-16 03:51:00,2013-10-16,2013,10,October,4,2013-Q4,2013-10,2013-W42,Wednesday,3,2013-11-07,2013-11-08,21.0,Short Term (8-30 days),1.0,2,9,8.54,0,Desktop,0,Non-Package,11,205,354,25315,3,2,0,1,12387,6.67,15,5,60.8183,2,50,447,28,0,Search Only,1
15093,2013-10-30 13:05:00,2013-10-30,2013,10,October,4,2013-Q4,2013-10,2013-W44,Wednesday,13,2013-11-25,2013-12-01,25.0,Short Term (8-30 days),6.0,1,9,8.54,0,Desktop,0,Non-Package,2,66,220,2086,3,1,0,1,12151,0.0,6,1,1074.8887,2,50,737,48,0,Search Only,2
775402,2013-11-14 19:06:00,2013-11-14,2013,11,November,4,2013-Q4,2013-11,2013-W46,Thursday,19,2013-11-16,2013-11-17,1.0,Last Minute (0-7 days),1.0,1,1,6.97,1,Mobile,0,Non-Package,2,66,318,33705,3,1,0,1,27397,100.0,1,6,231.7562,2,50,538,51,1,Booked,1
602792,2013-11-24 15:10:00,2013-11-24,2013,11,November,4,2013-Q4,2013-11,2013-W47,Sunday,15,2014-10-09,2014-10-17,318.0,Long Term (>90 days),8.0,2,9,8.54,0,Desktop,1,Package,2,66,462,52979,3,2,0,1,55649,3.7,54,3,1131.8353,6,77,2,47,0,Search Only,2
799381,2013-11-25 15:11:00,2013-11-25,2013,11,November,4,2013-Q4,2013-11,2013-W48,Monday,15,2013-12-13,2013-12-15,17.0,Short Term (8-30 days),2.0,2,0,7.19,0,Desktop,0,Non-Package,2,66,462,49272,3,2,0,1,12270,9.6,125,6,0.5442,2,50,663,11,0,Search Only,1
630867,2013-12-05 16:04:00,2013-12-05,2013,12,December,4,2013-Q4,2013-12,2013-W49,Thursday,16,2013-12-09,2013-12-12,3.0,Last Minute (0-7 days),3.0,1,9,8.54,0,Desktop,0,Non-Package,2,66,174,26232,3,1,0,1,8279,8.02,1097,1,9.9626,2,50,1230,33,0,Search Only,1
182204,2013-12-18 12:44:00,2013-12-18,2013,12,December,4,2013-Q4,2013-12,2013-W51,Wednesday,12,2013-12-30,2013-12-31,11.0,Short Term (8-30 days),1.0,2,9,8.54,0,Desktop,0,Non-Package,2,66,189,33796,3,2,0,1,8801,14.29,21,1,7.8734,2,50,493,48,0,Search Only,1
919800,2013-12-18 13:40:00,2013-12-18,2013,12,December,4,2013-Q4,2013-12,2013-W51,Wednesday,13,2014-01-17,2014-01-23,29.0,Short Term (8-30 days),6.0,2,7,4.32,0,Desktop,1,Package,2,66,314,4868,3,2,0,1,8268,4.61,1409,1,771.8097,2,50,682,47,0,Search Only,1
307862,2013-12-30 11:28:00,2013-12-30,2013,12,December,4,2013-Q4,2013-12,2013-W01,Monday,11,2014-02-05,2014-02-09,36.0,Medium Term (31-90 days),4.0,2,9,8.54,0,Desktop,1,Package,2,66,189,32046,3,2,0,1,11815,3.02,463,1,1131.8353,3,5,1701,99,0,Search Only,1
842671,2014-01-01 14:55:00,2014-01-01,2014,1,January,1,2014-Q1,2014-01,2014-W01,Wednesday,14,2014-01-31,2014-02-01,29.0,Short Term (8-30 days),1.0,7,9,8.54,0,Desktop,0,Non-Package,26,215,646,51733,0,4,3,2,486,21.74,23,1,981.554,2,50,726,40,0,Search Only,1
394003,2014-01-02 19:47:00,2014-01-02,2014,1,January,1,2014-Q1,2014-01,2014-W01,Thursday,19,2014-01-30,2014-02-01,27.0,Short Term (8-30 days),2.0,1,1,6.97,1,Mobile,1,Package,2,66,311,23166,3,1,0,1,8260,4.45,966,1,1273.2056,2,50,701,5,0,Search Only,1
677579,2014-01-04 21:14:00,2014-01-04,2014,1,January,1,2014-Q1,2014-01,2014-W01,Saturday,21,2014-01-16,2014-01-19,11.0,Short Term (8-30 days),3.0,2,1,6.97,0,Desktop,0,Non-Package,2,66,174,51981,3,2,0,1,8279,8.02,1097,1,13.1111,2,50,1230,95,0,Search Only,1
805534,2014-01-06 15:55:00,2014-01-06,2014,1,January,1,2014-Q1,2014-01,2014-W02,Monday,15,2014-08-02,2014-08-03,207.0,Long Term (>90 days),1.0,4,9,8.54,0,Desktop,0,Non-Package,2,66,337,8851,3,3,1,1,8260,4.45,966,1,1131.8353,2,50,701,72,0,Search Only,1
529808,2014-01-10 07:01:00,2014-01-10,2014,1,January,1,2014-Q1,2014-01,2014-W02,Friday,7,2014-01-20,2014-01-23,9.0,Short Term (8-30 days),3.0,1,9,8.54,0,Desktop,0,Non-Package,37,167,51,11261,1,1,0,1,8282,5.8,517,1,1131.8353,3,126,232,82,1,Booked,1
453850,2014-01-13 13:37:00,2014-01-13,2014,1,January,1,2014-Q1,2014-01,2014-W03,Monday,13,2014-07-27,2014-08-03,194.0,Long Term (>90 days),7.0,1,9,8.54,0,Desktop,0,Non-Package,34,205,411,54864,3,1,0,1,12206,6.45,899,6,1183.6014,2,50,628,79,0,Search Only,1
98843,2014-01-13 15:09:00,2014-01-13,2014,1,January,1,2014-Q1,2014-01,2014-W03,Monday,15,2014-04-21,2014-04-25,97.0,Long Term (>90 days),4.0,2,1,6.97,1,Mobile,1,Package,2,66,363,30758,3,2,0,1,11373,5.88,272,1,1052.6019,4,128,1455,65,0,Search Only,1
89167,2014-01-21 06:47:00,2014-01-21,2014,1,January,1,2014-Q1,2014-01,2014-W04,Tuesday,6,2014-02-27,2014-03-02,36.0,Medium Term (31-90 days),3.0,2,2,6.05,0,Desktop,0,Non-Package,2,12,790,53139,3,2,0,1,21589,0.0,1,6,1131.8353,6,144,24,5,0,Search Only,1
129109,2014-01-21 07:05:00,2014-01-21,2014,1,January,1,2014-Q1,2014-01,2014-W04,Tuesday,7,2014-01-30,2014-02-02,8.0,Short Term (8-30 days),3.0,2,1,6.97,0,Desktop,0,Non-Package,2,215,646,51733,3,2,0,1,5405,2.57,389,6,789.7611,4,8,126,76,0,Search Only,1
55869,2014-01-29 10:53:00,2014-01-29,2014,1,January,1,2014-Q1,2014-01,2014-W05,Wednesday,10,2014-10-27,2014-10-29,270.0,Long Term (>90 days),2.0,2,9,8.54,0,Desktop,0,Non-Package,2,66,174,36046,3,2,0,1,8746,5.47,731,1,6228.8144,6,105,29,22,0,Search Only,1
902004,2014-01-31 14:11:00,2014-01-31,2014,1,January,1,2014-Q1,2014-01,2014-W05,Friday,14,2014-09-09,2014-09-13,220.0,Long Term (>90 days),4.0,2,9,8.54,0,Desktop,1,Package,2,66,348,16179,3,2,0,1,8279,8.02,1097,1,1131.8353,2,50,1230,70,0,Search Only,2
159950,2014-02-03 07:08:00,2014-02-03,2014,2,February,1,2014-Q1,2014-02,2014-W06,Monday,7,2014-02-25,2014-03-11,21.0,Short Term (8-30 days),14.0,2,9,8.54,0,Desktop,1,Package,34,205,354,25315,3,2,0,1,8824,4.72,381,1,2253.8876,4,8,118,55,0,Search Only,1
811985,2014-02-15 01:05:00,2014-02-15,2014,2,February,1,2014-Q1,2014-02,2014-W07,Saturday,1,2014-02-16,2014-02-17,0.0,Last Minute (0-7 days),1.0,4,1,6.97,0,Desktop,0,Non-Package,2,66,174,28782,3,2,2,1,44691,9.09,11,6,346.9996,2,50,366,91,0,Search Only,1
1056277,2014-02-20 11:57:00,2014-02-20,2014,2,February,1,2014-Q1,2014-02,2014-W08,Thursday,11,2014-04-16,2014-04-20,54.0,Medium Term (31-90 days),4.0,3,5,9.43,0,Desktop,0,Non-Package,28,68,330,40076,1,2,1,1,53949,6.25,64,3,1131.8353,6,105,29,8,0,Search Only,2
865529,2014-03-01 11:23:00,2014-03-01,2014,3,March,1,2014-Q1,2014-03,2014-W09,Saturday,11,2014-03-14,2014-03-15,12.0,Short Term (8-30 days),1.0,2,9,8.54,0,Desktop,0,Non-Package,34,205,354,21259,3,1,1,1,8270,10.19,108,1,187.5283,2,198,390,28,0,Search Only,3
46014,2014-03-02 16:22:00,2014-03-02,2014,3,March,1,2014-Q1,2014-03,2014-W09,Sunday,16,2014-03-20,2014-03-24,17.0,Short Term (8-30 days),4.0,3,9,8.54,0,Desktop,0,Non-Package,34,205,135,36086,3,2,1,1,8278,5.78,727,1,1275.3556,2,50,368,0,0,Search Only,1
1100151,2014-03-11 13:07:00,2014-03-11,2014,3,March,1,2014-Q1,2014-03,2014-W11,Tuesday,13,2014-06-30,2014-07-07,110.0,Long Term (>90 days),7.0,2,9,8.54,0,Desktop,1,Package,2,66,288,11997,3,2,0,1,8278,5.78,727,1,1330.086,2,50,368,21,0,Search Only,1
151956,2014-03-14 21:49:00,2014-03-14,2014,3,March,1,2014-Q1,2014-03,2014-W11,Friday,21,2014-06-15,2014-06-16,92.0,Long Term (>90 days),1.0,4,9,8.54,1,Mobile,0,Non-Package,2,66,174,21092,3,4,0,1,12308,5.88,17,5,2357.0999,2,50,649,72,0,Search Only,2
602393,2014-03-16 16:41:00,2014-03-16,2014,3,March,1,2014-Q1,2014-03,2014-W11,Sunday,16,2014-04-19,2014-04-20,33.0,Medium Term (31-90 days),1.0,4,0,7.19,0,Desktop,0,Non-Package,2,66,254,43684,3,2,2,1,3673,0.0,1,3,110.4188,2,50,466,42,0,Search Only,1
987987,2014-03-17 11:29:00,2014-03-17,2014,3,March,1,2014-Q1,2014-03,2014-W12,Monday,11,2014-03-29,2014-03-30,11.0,Short Term (8-30 days),1.0,4,9,8.54,0,Desktop,0,Non-Package,2,66,442,2822,3,4,0,1,12261,3.19,94,6,225.2061,2,50,412,76,0,Search Only,1
744819,2014-03-20 06:43:00,2014-03-20,2014,3,March,1,2014-Q1,2014-03,2014-W12,Thursday,6,2014-04-26,2014-04-27,36.0,Medium Term (31-90 days),1.0,2,9,8.54,1,Mobile,0,Non-Package,2,205,354,51792,3,2,0,1,11353,5.24,477,1,1131.8353,2,50,699,21,0,Search Only,2
102622,2014-03-20 09:33:00,2014-03-20,2014,3,March,1,2014-Q1,2014-03,2014-W12,Thursday,9,2014-04-11,2014-04-13,21.0,Short Term (8-30 days),2.0,3,1,6.97,0,Desktop,0,Non-Package,25,23,48,4924,2,2,1,1,8744,2.83,212,1,1131.8353,3,106,108,78,0,Search Only,1
663808,2014-03-20 20:06:00,2014-03-20,2014,3,March,1,2014-Q1,2014-03,2014-W12,Thursday,20,2014-03-24,2014-03-27,3.0,Last Minute (0-7 days),3.0,2,9,8.54,0,Desktop,0,Non-Package,2,66,226,42300,3,2,0,1,8250,6.92,3568,1,1745.5449,2,50,628,1,0,Search Only,1
93843,2014-03-22 10:54:00,2014-03-22,2014,3,March,1,2014-Q1,2014-03,2014-W12,Saturday,10,2014-04-13,2014-04-18,21.0,Short Term (8-30 days),5.0,4,3,6.04,0,Desktop,0,Non-Package,2,66,337,48138,3,2,2,1,11319,2.6,231,1,512.2659,2,50,681,31,0,Search Only,1
723288,2014-03-22 15:24:00,2014-03-22,2014,3,March,1,2014-Q1,2014-03,2014-W12,Saturday,15,2014-04-02,2014-04-05,10.0,Short Term (8-30 days),3.0,1,4,12.08,0,Desktop,0,Non-Package,24,3,50,5703,2,1,0,1,8502,20.0,20,6,1131.8353,3,106,107,47,0,Search Only,1
793571,2014-03-22 16:33:00,2014-03-22,2014,3,March,1,2014-Q1,2014-03,2014-W12,Saturday,16,2014-04-18,2014-04-20,26.0,Short Term (8-30 days),2.0,2,9,8.54,0,Desktop,0,Non-Package,2,66,174,46432,3,2,0,1,11835,12.28,114,1,109.7262,2,50,633,54,0,Search Only,2
113669,2014-03-23 20:47:00,2014-03-23,2014,3,March,1,2014-Q1,2014-03,2014-W12,Sunday,20,2014-09-03,2014-09-06,163.0,Long Term (>90 days),3.0,4,9,8.54,0,Desktop,0,Non-Package,2,66,462,49272,3,4,0,2,21787,9.18,98,6,5670.0072,6,105,29,62,0,Search Only,1
964630,2014-03-23 21:35:00,2014-03-23,2014,3,March,1,2014-Q1,2014-03,2014-W12,Sunday,21,2014-04-18,2014-04-20,25.0,Short Term (8-30 days),2.0,2,9,8.54,0,Desktop,0,Non-Package,2,66,174,53088,3,2,0,1,25471,6.06,33,6,1131.8353,2,50,365,19,0,Search Only,1
456662,2014-03-26 11:19:00,2014-03-26,2014,3,March,1,2014-Q1,2014-03,2014-W13,Wednesday,11,2014-04-17,2014-04-18,21.0,Short Term (8-30 days),1.0,2,0,7.19,0,Desktop,1,Package,17,133,20,3392,1,2,0,1,38399,0.0,1,4,1131.8353,6,68,285,62,0,Search Only,1
97979,2014-03-26 16:07:00,2014-03-26,2014,3,March,1,2014-Q1,2014-03,2014-W13,Wednesday,16,2014-04-22,2014-04-24,26.0,Short Term (8-30 days),2.0,1,3,6.04,0,Desktop,0,Non-Package,2,66,174,26232,3,1,0,1,468,6.0,617,1,8087.3764,3,48,153,35,0,Search Only,1
92347,2014-03-27 11:46:00,2014-03-27,2014,3,March,1,2014-Q1,2014-03,2014-W13,Thursday,11,2014-04-21,2014-04-28,24.0,Short Term (8-30 days),7.0,5,5,9.43,0,Desktop,0,Non-Package,23,1,329,4948,1,4,1,2,7635,4.76,714,3,4399.6383,2,50,675,70,0,Search Only,1
64304,2014-03-29 02:13:00,2014-03-29,2014,3,March,1,2014-Q1,2014-03,2014-W13,Saturday,2,2014-03-31,2014-04-01,1.0,Last Minute (0-7 days),1.0,6,9,8.54,0,Desktop,0,Non-Package,2,198,153,17956,3,4,2,1,12654,8.72,172,5,1131.8353,2,50,682,34,0,Search Only,1
1155833,2014-03-30 15:16:00,2014-03-30,2014,3,March,1,2014-Q1,2014-03,2014-W13,Sunday,15,2014-04-26,2014-04-29,26.0,Short Term (8-30 days),3.0,2,0,7.19,0,Desktop,0,Non-Package,24,3,50,50547,2,2,0,1,12218,12.0,75,6,1131.8353,2,50,365,95,0,Search Only,1
512851,2014-04-01 10:23:00,2014-04-01,2014,4,April,2,2014-Q2,2014-04,2014-W14,Tuesday,10,2014-05-21,2014-05-23,49.0,Medium Term (31-90 days),2.0,2,2,6.05,0,Desktop,0,Non-Package,2,66,356,22202,3,2,0,1,45626,9.68,31,6,2440.7962,2,50,675,40,0,Search Only,1
947732,2014-04-03 19:34:00,2014-04-03,2014,4,April,2,2014-Q2,2014-04,2014-W14,Thursday,19,2014-06-23,2014-06-30,80.0,Medium Term (31-90 days),7.0,2,9,8.54,0,Desktop,0,Non-Package,34,205,135,36086,3,2,0,1,8267,5.99,2739,1,2028.1421,2,50,675,91,0,Search Only,1
19923,2014-04-03 20:56:00,2014-04-03,2014,4,April,2,2014-Q2,2014-04,2014-W14,Thursday,20,2014-07-27,2014-07-28,114.0,Long Term (>90 days),1.0,3,1,6.97,1,Mobile,0,Non-Package,2,133,20,3392,3,2,1,1,8834,6.76,207,1,1131.8353,2,50,355,9,0,Search Only,1
554832,2014-04-06 18:37:00,2014-04-06,2014,4,April,2,2014-Q2,2014-04,2014-W14,Sunday,18,2014-08-05,2014-08-13,120.0,Long Term (>90 days),8.0,2,9,8.54,0,Desktop,1,Package,34,205,354,50386,3,2,0,1,15121,0.0,6,3,4507.1057,6,180,1737,22,0,Search Only,1
494277,2014-04-07 21:07:00,2014-04-07,2014,4,April,2,2014-Q2,2014-04,2014-W15,Monday,21,2014-04-10,2014-04-11,2.0,Last Minute (0-7 days),1.0,1,9,8.54,0,Desktop,0,Non-Package,2,66,348,2884,3,1,0,1,8260,4.45,966,1,1101.756,2,50,701,97,0,Search Only,2
649755,2014-04-08 12:02:00,2014-04-08,2014,4,April,2,2014-Q2,2014-04,2014-W15,Tuesday,12,2014-05-09,2014-05-11,30.0,Short Term (8-30 days),2.0,4,9,8.54,1,Mobile,0,Non-Package,2,66,471,50446,3,2,2,1,8233,22.22,72,1,1131.8353,2,50,640,48,0,Search Only,2
1196428,2014-04-12 19:10:00,2014-04-12,2014,4,April,2,2014-Q2,2014-04,2014-W15,Saturday,19,2014-12-08,2014-12-10,239.0,Long Term (>90 days),2.0,0,9,8.54,0,Desktop,1,Package,17,133,24,16679,1,0,0,1,8238,6.59,182,1,1131.8353,6,31,155,13,0,Search Only,1
536593,2014-04-18 14:35:00,2014-04-18,2014,4,April,2,2014-Q2,2014-04,2014-W16,Friday,14,2014-05-09,2014-05-11,20.0,Short Term (8-30 days),2.0,4,1,6.97,0,Desktop,0,Non-Package,2,66,174,28782,3,2,2,1,24279,0.0,4,6,102.8641,2,50,355,39,0,Search Only,1
832325,2014-04-22 12:08:00,2014-04-22,2014,4,April,2,2014-Q2,2014-04,2014-W17,Tuesday,12,2014-12-25,2015-01-02,246.0,Long Term (>90 days),8.0,2,9,8.54,0,Desktop,1,Package,34,205,354,21728,3,2,0,1,8250,6.92,3568,1,2141.8245,2,50,628,99,0,Search Only,1
129908,2014-04-24 00:24:00,2014-04-24,2014,4,April,2,2014-Q2,2014-04,2014-W17,Thursday,0,2014-05-22,2014-05-24,27.0,Short Term (8-30 days),2.0,3,1,6.97,0,Desktop,0,Non-Package,2,66,174,4562,3,3,0,1,12281,6.17,81,6,2309.5521,2,50,191,95,0,Search Only,1
549410,2014-04-26 00:48:00,2014-04-26,2014,4,April,2,2014-Q2,2014-04,2014-W17,Saturday,0,2014-06-13,2014-06-14,47.0,Medium Term (31-90 days),1.0,2,9,8.54,0,Desktop,0,Non-Package,2,66,174,16634,3,2,0,1,20207,22.22,18,6,5949.2066,6,105,810,85,0,Search Only,1
392865,2014-04-26 20:58:00,2014-04-26,2014,4,April,2,2014-Q2,2014-04,2014-W17,Saturday,20,2014-09-13,2014-09-14,139.0,Long Term (>90 days),1.0,2,0,7.19,0,Desktop,0,Non-Package,2,66,321,33243,3,2,0,1,8743,8.94,246,1,1131.8353,6,144,24,6,0,Search Only,1
889807,2014-04-27 07:05:00,2014-04-27,2014,4,April,2,2014-Q2,2014-04,2014-W17,Sunday,7,2014-05-05,2014-05-07,7.0,Last Minute (0-7 days),2.0,2,9,8.54,0,Desktop,0,Non-Package,2,231,81,24964,3,2,0,1,8242,5.76,660,1,1131.8353,3,171,61,21,1,Booked,1
827644,2014-04-27 20:18:00,2014-04-27,2014,4,April,2,2014-Q2,2014-04,2014-W17,Sunday,20,2014-07-17,2014-07-21,80.0,Medium Term (31-90 days),4.0,5,2,6.05,0,Desktop,0,Non-Package,2,66,258,38888,3,2,3,2,14840,1.79,56,1,605.1952,2,50,1629,31,0,Search Only,1
493876,2014-04-28 11:14:00,2014-04-28,2014,4,April,2,2014-Q2,2014-04,2014-W18,Monday,11,2014-05-03,2014-05-06,4.0,Last Minute (0-7 days),3.0,2,0,7.19,0,Desktop,0,Non-Package,2,66,174,26232,3,2,0,1,12227,4.22,450,6,2595.147,2,50,701,41,0,Search Only,1
997665,2014-04-29 13:43:00,2014-04-29,2014,4,April,2,2014-Q2,2014-04,2014-W18,Tuesday,13,2014-11-19,2014-11-21,203.0,Long Term (>90 days),2.0,2,9,8.54,0,Desktop,0,Non-Package,2,103,41,54184,3,2,0,1,8747,5.87,511,1,1131.8353,3,106,107,16,0,Search Only,1
54619,2014-04-29 18:19:00,2014-04-29,2014,4,April,2,2014-Q2,2014-04,2014-W18,Tuesday,18,2014-05-16,2014-05-19,16.0,Short Term (8-30 days),3.0,3,9,8.54,0,Desktop,0,Non-Package,2,66,153,25263,3,2,1,1,12263,2.38,42,6,415.0083,2,50,368,37,0,Search Only,1
627061,2014-04-30 14:14:00,2014-04-30,2014,4,April,2,2014-Q2,2014-04,2014-W18,Wednesday,14,2014-09-17,2014-09-19,139.0,Long Term (>90 days),2.0,3,9,8.54,0,Desktop,0,Non-Package,30,195,578,36631,4,2,1,1,8279,8.02,1097,1,1131.8353,2,50,1230,55,0,Search Only,2
880043,2014-05-01 11:14:00,2014-05-01,2014,5,May,2,2014-Q2,2014-05,2014-W18,Thursday,11,2014-05-23,2014-05-25,21.0,Short Term (8-30 days),2.0,2,0,7.19,0,Desktop,0,Non-Package,2,66,174,34716,3,2,0,1,58436,0.0,1,3,52.2329,2,50,368,41,0,Search Only,1
191119,2014-05-03 17:25:00,2014-05-03,2014,5,May,2,2014-Q2,2014-05,2014-W18,Saturday,17,2014-05-18,2014-05-19,14.0,Short Term (8-30 days),1.0,1,9,8.54,0,Desktop,0,Non-Package,2,205,354,25315,3,1,0,1,7635,4.76,714,3,341.9872,2,50,675,56,0,Search Only,1
189343,2014-05-03 22:22:00,2014-05-03,2014,5,May,2,2014-Q2,2014-05,2014-W18,Saturday,22,2014-05-25,2014-05-29,21.0,Short Term (8-30 days),4.0,2,0,7.19,1,Mobile,1,Package,2,66,174,7015,3,2,0,1,11373,5.88,272,1,2514.4349,4,128,1455,96,0,Search Only,3
41055,2014-05-04 10:03:00,2014-05-04,2014,5,May,2,2014-Q2,2014-05,2014-W18,Sunday,10,2014-05-09,2014-05-13,4.0,Last Minute (0-7 days),4.0,4,2,6.05,0,Desktop,0,Non-Package,2,66,462,12565,3,2,2,1,8278,5.78,727,1,1115.4954,2,50,368,96,0,Search Only,1
425235,2014-05-05 08:09:00,2014-05-05,2014,5,May,2,2014-Q2,2014-05,2014-W19,Monday,8,2014-05-25,2014-05-26,19.0,Short Term (8-30 days),1.0,2,9,8.54,0,Desktop,0,Non-Package,2,66,462,4272,3,2,0,1,1901,11.64,146,1,85.7071,2,198,401,55,0,Search Only,1
870857,2014-05-06 08:29:00,2014-05-06,2014,5,May,2,2014-Q2,2014-05,2014-W19,Tuesday,8,2014-05-23,2014-05-25,16.0,Short Term (8-30 days),2.0,1,9,8.54,0,Desktop,1,Package,2,66,258,20171,3,1,0,1,8216,11.93,218,1,561.4544,2,50,350,18,0,Search Only,1
701951,2014-05-07 16:43:00,2014-05-07,2014,5,May,2,2014-Q2,2014-05,2014-W19,Wednesday,16,2014-06-14,2014-06-18,37.0,Medium Term (31-90 days),4.0,4,0,7.19,1,Mobile,1,Package,2,66,448,29783,3,2,2,1,12227,4.22,450,6,924.9298,2,50,701,0,0,Search Only,1
547396,2014-05-07 19:19:00,2014-05-07,2014,5,May,2,2014-Q2,2014-05,2014-W19,Wednesday,19,2014-09-25,2014-09-30,140.0,Long Term (>90 days),5.0,1,9,8.54,0,Desktop,0,Non-Package,2,125,158,12412,3,1,0,1,12545,6.67,30,5,1131.8353,3,182,83,62,0,Search Only,1
328100,2014-05-15 20:45:00,2014-05-15,2014,5,May,2,2014-Q2,2014-05,2014-W20,Thursday,20,2014-08-14,2014-08-16,90.0,Medium Term (31-90 days),2.0,3,9,8.54,0,Desktop,0,Non-Package,2,66,143,26103,3,3,0,1,8255,7.52,306,1,4385.9809,6,77,1895,62,0,Search Only,1
741588,2014-05-15 22:15:00,2014-05-15,2014,5,May,2,2014-Q2,2014-05,2014-W20,Thursday,22,2014-10-05,2014-10-08,142.0,Long Term (>90 days),3.0,4,2,6.05,0,Desktop,0,Non-Package,17,133,12,18901,1,4,0,1,28514,2.37,253,6,1131.8353,2,50,1457,41,0,Search Only,1
394009,2014-05-16 09:57:00,2014-05-16,2014,5,May,2,2014-Q2,2014-05,2014-W20,Friday,9,2014-08-11,2014-08-14,86.0,Medium Term (31-90 days),3.0,2,9,8.54,0,Desktop,0,Non-Package,2,66,174,36172,3,2,0,1,14907,2.88,104,1,5541.8432,0,87,58,85,0,Search Only,4
749309,2014-05-21 18:01:00,2014-05-21,2014,5,May,2,2014-Q2,2014-05,2014-W21,Wednesday,18,2014-06-05,2014-06-06,14.0,Short Term (8-30 days),1.0,2,2,6.05,0,Desktop,0,Non-Package,2,66,442,47414,3,2,0,1,11358,14.71,34,1,1192.5375,2,50,570,28,0,Search Only,1
763891,2014-05-22 17:07:00,2014-05-22,2014,5,May,2,2014-Q2,2014-05,2014-W21,Thursday,17,2014-11-23,2014-11-30,184.0,Long Term (>90 days),7.0,6,9,8.54,0,Desktop,0,Non-Package,2,66,311,38374,3,6,0,3,8351,16.67,30,6,4856.5426,4,196,2027,38,0,Search Only,6
654372,2014-05-24 11:17:00,2014-05-24,2014,5,May,2,2014-Q2,2014-05,2014-W21,Saturday,11,2014-07-03,2014-07-08,39.0,Medium Term (31-90 days),5.0,2,2,6.05,1,Mobile,0,Non-Package,2,66,467,29968,3,2,0,1,18664,18.18,11,1,39.0211,2,50,538,73,0,Search Only,1
988230,2014-05-27 06:21:00,2014-05-27,2014,5,May,2,2014-Q2,2014-05,2014-W22,Tuesday,6,2014-06-18,2014-06-23,21.0,Short Term (8-30 days),5.0,2,9,8.54,0,Desktop,1,Package,2,66,403,36507,3,2,0,1,11435,3.42,117,1,1865.6765,4,67,203,86,0,Search Only,2
1082016,2014-05-27 17:22:00,2014-05-27,2014,5,May,2,2014-Q2,2014-05,2014-W22,Tuesday,17,2014-06-20,2014-06-29,23.0,Short Term (8-30 days),9.0,3,1,6.97,0,Desktop,0,Non-Package,2,66,220,19416,3,2,1,1,12206,6.45,899,6,2166.1818,2,50,628,24,0,Search Only,1
435046,2014-05-30 07:28:00,2014-05-30,2014,5,May,2,2014-Q2,2014-05,2014-W22,Friday,7,2014-06-26,2014-06-27,26.0,Short Term (8-30 days),1.0,1,9,8.54,0,Desktop,0,Non-Package,2,57,342,5021,3,1,0,1,8253,4.96,1310,1,1131.8353,6,70,19,69,0,Search Only,1
1077364,2014-05-30 09:34:00,2014-05-30,2014,5,May,2,2014-Q2,2014-05,2014-W22,Friday,9,2014-06-02,2014-06-03,2.0,Last Minute (0-7 days),1.0,2,1,6.97,0,Desktop,0,Non-Package,2,206,169,40251,3,2,0,2,12381,0.0,4,5,1131.8353,6,204,1756,43,0,Search Only,1
137576,2014-05-30 09:50:00,2014-05-30,2014,5,May,2,2014-Q2,2014-05,2014-W22,Friday,9,2014-07-21,2014-07-27,51.0,Medium Term (31-90 days),6.0,1,0,7.19,0,Desktop,0,Non-Package,13,46,157,34868,1,1,0,1,55649,3.7,54,3,930.7882,6,77,2,14,0,Search Only,1
571065,2014-06-02 12:59:00,2014-06-02,2014,6,June,2,2014-Q2,2014-06,2014-W23,Monday,12,2014-06-09,2014-06-12,6.0,Last Minute (0-7 days),3.0,2,2,6.05,0,Desktop,0,Non-Package,2,66,174,50,3,2,0,1,9147,5.84,257,1,77.7128,2,50,367,41,0,Search Only,2
1038034,2014-06-09 16:26:00,2014-06-09,2014,6,June,2,2014-Q2,2014-06,2014-W24,Monday,16,2014-07-21,2014-07-25,41.0,Medium Term (31-90 days),4.0,2,9,8.54,0,Desktop,0,Non-Package,34,205,354,51792,3,2,0,1,8252,8.74,206,1,1131.8353,6,170,313,85,0,Search Only,1
487627,2014-06-09 20:32:00,2014-06-09,2014,6,June,2,2014-Q2,2014-06,2014-W24,Monday,20,2014-06-24,2014-06-26,14.0,Short Term (8-30 days),2.0,2,9,8.54,0,Desktop,0,Non-Package,24,3,60,45811,2,2,0,2,8743,8.94,246,1,1131.8353,6,144,24,47,0,Search Only,1
152718,2014-06-11 12:31:00,2014-06-11,2014,6,June,2,2014-Q2,2014-06,2014-W24,Wednesday,12,2014-09-17,2014-09-19,97.0,Long Term (>90 days),2.0,4,9,8.54,0,Desktop,0,Non-Package,34,205,354,43201,3,4,0,2,51385,8.06,62,6,3315.5737,6,31,155,9,0,Search Only,4
1155314,2014-06-12 20:14:00,2014-06-12,2014,6,June,2,2014-Q2,2014-06,2014-W24,Thursday,20,2014-12-27,2015-01-02,197.0,Long Term (>90 days),6.0,2,0,7.19,1,Mobile,0,Non-Package,2,66,314,3053,3,2,0,1,11439,2.01,946,1,1131.8353,4,163,1503,60,0,Search Only,1
845665,2014-06-14 04:19:00,2014-06-14,2014,6,June,2,2014-Q2,2014-06,2014-W24,Saturday,4,2014-10-26,2014-10-30,133.0,Long Term (>90 days),4.0,2,2,6.05,0,Desktop,0,Non-Package,2,57,222,3715,3,2,0,1,13607,8.33,12,4,1131.8353,2,50,1230,23,0,Search Only,1
682537,2014-06-14 15:04:00,2014-06-14,2014,6,June,2,2014-Q2,2014-06,2014-W24,Saturday,15,2014-07-19,2014-07-20,34.0,Medium Term (31-90 days),1.0,3,0,7.19,1,Mobile,0,Non-Package,2,66,174,5938,3,3,0,1,28708,0.0,8,4,377.4838,2,50,355,10,0,Search Only,2
1132188,2014-06-19 12:42:00,2014-06-19,2014,6,June,2,2014-Q2,2014-06,2014-W25,Thursday,12,2014-07-26,2014-08-03,36.0,Medium Term (31-90 days),8.0,2,9,8.54,0,Desktop,1,Package,2,66,337,14241,3,2,0,1,8269,0.0,43,1,3708.5962,6,11,26,25,0,Search Only,3
235870,2014-06-20 00:08:00,2014-06-20,2014,6,June,2,2014-Q2,2014-06,2014-W25,Friday,0,2014-06-21,2014-06-22,0.0,Last Minute (0-7 days),1.0,1,1,6.97,0,Desktop,0,Non-Package,24,70,47,14566,2,1,0,1,8220,7.44,739,1,1131.8353,3,182,46,46,0,Search Only,1
495089,2014-06-21 21:51:00,2014-06-21,2014,6,June,2,2014-Q2,2014-06,2014-W25,Saturday,21,2014-06-27,2014-06-28,5.0,Last Minute (0-7 days),1.0,1,9,8.54,0,Desktop,0,Non-Package,2,66,174,16634,3,1,0,1,12826,11.46,157,5,33.1996,2,50,1230,5,0,Search Only,1
492433,2014-06-23 05:22:00,2014-06-23,2014,6,June,2,2014-Q2,2014-06,2014-W26,Monday,5,2014-10-14,2014-10-18,112.0,Long Term (>90 days),4.0,2,7,4.32,0,Desktop,1,Package,24,3,64,3169,2,2,0,1,18569,4.05,346,1,1131.8353,3,182,83,61,0,Search Only,1
990286,2014-06-23 09:55:00,2014-06-23,2014,6,June,2,2014-Q2,2014-06,2014-W26,Monday,9,2014-09-08,2014-09-12,76.0,Medium Term (31-90 days),4.0,7,5,9.43,0,Desktop,0,Non-Package,8,77,977,53780,4,7,0,4,8252,8.74,206,1,11047.4426,6,170,313,67,0,Search Only,1
2592,2014-06-23 15:37:00,2014-06-23,2014,6,June,2,2014-Q2,2014-06,2014-W26,Monday,15,2014-09-23,2014-10-01,91.0,Long Term (>90 days),8.0,2,9,8.54,0,Desktop,1,Package,13,46,398,13903,1,2,0,2,8250,6.92,3568,1,1131.8353,2,50,628,51,0,Search Only,1
1052217,2014-06-24 14:11:00,2014-06-24,2014,6,June,2,2014-Q2,2014-06,2014-W26,Tuesday,14,2014-10-09,2014-10-10,106.0,Long Term (>90 days),1.0,1,9,8.54,0,Desktop,0,Non-Package,8,77,871,36643,4,1,0,1,20225,4.94,162,6,4526.8348,3,182,46,62,0,Search Only,1
717288,2014-06-29 09:13:00,2014-06-29,2014,6,June,2,2014-Q2,2014-06,2014-W26,Sunday,9,2014-07-01,2014-07-02,1.0,Last Minute (0-7 days),1.0,1,9,8.54,0,Desktop,0,Non-Package,2,66,348,20067,3,1,0,1,12017,27.27,22,1,639.133,2,50,731,5,0,Search Only,2
440665,2014-06-30 14:32:00,2014-06-30,2014,6,June,2,2014-Q2,2014-06,2014-W27,Monday,14,2014-07-22,2014-07-23,21.0,Short Term (8-30 days),1.0,2,0,7.19,0,Desktop,0,Non-Package,2,66,174,13248,3,2,0,1,8261,14.89,94,1,1544.1398,2,50,646,28,0,Search Only,1
318742,2014-07-01 12:11:00,2014-07-01,2014,7,July,3,2014-Q3,2014-07,2014-W27,Tuesday,12,2014-09-06,2014-09-08,66.0,Medium Term (31-90 days),2.0,2,9,8.54,0,Desktop,0,Non-Package,2,66,337,13548,3,2,0,1,12700,5.88,17,5,525.9454,2,50,681,73,0,Search Only,1
701738,2014-07-07 17:14:00,2014-07-07,2014,7,July,3,2014-Q3,2014-07,2014-W28,Monday,17,2014-07-13,2014-07-14,5.0,Last Minute (0-7 days),1.0,2,2,6.05,0,Desktop,0,Non-Package,2,66,442,35390,3,2,0,1,26399,16.67,6,6,1931.2947,2,198,932,55,0,Search Only,1
897039,2014-07-09 12:45:00,2014-07-09,2014,7,July,3,2014-Q3,2014-07,2014-W28,Wednesday,12,2014-07-14,2014-07-18,4.0,Last Minute (0-7 days),4.0,2,9,8.54,0,Desktop,0,Non-Package,2,191,376,33581,3,2,0,1,30337,7.83,166,1,1131.8353,6,70,10,10,0,Search Only,2
346920,2014-07-10 05:55:00,2014-07-10,2014,7,July,3,2014-Q3,2014-07,2014-W28,Thursday,5,2014-07-14,2014-07-15,3.0,Last Minute (0-7 days),1.0,2,9,8.54,0,Desktop,0,Non-Package,34,205,354,33452,3,2,0,1,25954,15.15,33,6,209.278,2,198,390,55,0,Search Only,1
1016102,2014-07-10 18:58:00,2014-07-10,2014,7,July,3,2014-Q3,2014-07,2014-W28,Thursday,18,2014-09-26,2014-09-30,77.0,Medium Term (31-90 days),4.0,1,3,6.04,0,Desktop,0,Non-Package,23,1,448,11631,1,1,0,1,8267,5.99,2739,1,1131.8353,2,50,675,17,0,Search Only,1
721258,2014-07-12 18:49:00,2014-07-12,2014,7,July,3,2014-Q3,2014-07,2014-W28,Saturday,18,2014-07-13,2014-07-15,0.0,Last Minute (0-7 days),2.0,2,9,8.54,0,Desktop,0,Non-Package,2,66,318,45757,3,2,0,1,5098,25.0,4,3,121.4222,2,50,729,91,0,Search Only,3
865997,2014-07-15 04:06:00,2014-07-15,2014,7,July,3,2014-Q3,2014-07,2014-W29,Tuesday,4,2014-10-11,2014-10-13,87.0,Medium Term (31-90 days),2.0,2,9,8.54,0,Desktop,1,Package,2,66,363,12346,3,2,0,1,44976,10.87,46,1,2038.7542,2,50,1633,93,0,Search Only,1
1196398,2014-07-15 12:09:00,2014-07-15,2014,7,July,3,2014-Q3,2014-07,2014-W29,Tuesday,12,2014-08-25,2014-08-27,40.0,Medium Term (31-90 days),2.0,2,5,9.43,0,Desktop,0,Non-Package,25,23,48,4924,2,2,0,1,8542,16.67,6,6,1131.8353,3,126,232,36,0,Search Only,1
351849,2014-07-15 19:04:00,2014-07-15,2014,7,July,3,2014-Q3,2014-07,2014-W29,Tuesday,19,2014-07-17,2014-07-18,1.0,Last Minute (0-7 days),1.0,4,2,6.05,0,Desktop,0,Non-Package,2,66,226,25300,3,2,2,1,6307,10.0,10,3,275.2951,2,50,680,50,0,Search Only,3
358391,2014-07-22 03:19:00,2014-07-22,2014,7,July,3,2014-Q3,2014-07,2014-W30,Tuesday,3,2014-07-30,2014-08-01,7.0,Last Minute (0-7 days),2.0,2,1,6.97,0,Desktop,0,Non-Package,2,149,290,33116,3,2,0,1,26400,9.09,22,1,1131.8353,3,129,103,38,0,Search Only,2
1031361,2014-07-22 06:52:00,2014-07-22,2014,7,July,3,2014-Q3,2014-07,2014-W30,Tuesday,6,2014-07-25,2014-07-27,2.0,Last Minute (0-7 days),2.0,2,9,8.54,0,Desktop,0,Non-Package,11,205,354,48951,3,2,0,1,27470,0.0,2,6,347.7138,2,50,581,94,0,Search Only,1
614248,2014-07-22 15:29:00,2014-07-22,2014,7,July,3,2014-Q3,2014-07,2014-W30,Tuesday,15,2014-08-12,2014-08-13,20.0,Short Term (8-30 days),1.0,2,1,6.97,0,Desktop,0,Non-Package,25,23,48,4924,2,2,0,1,54192,0.0,1,4,1131.8353,3,106,108,6,0,Search Only,1
543655,2014-07-22 20:38:00,2014-07-22,2014,7,July,3,2014-Q3,2014-07,2014-W30,Tuesday,20,2015-01-19,2015-02-07,180.0,Long Term (>90 days),19.0,4,9,8.54,0,Desktop,0,Non-Package,2,179,410,16634,3,2,2,1,8268,4.61,1409,1,1131.8353,2,50,682,26,0,Search Only,1
323254,2014-07-23 12:30:00,2014-07-23,2014,7,July,3,2014-Q3,2014-07,2014-W30,Wednesday,12,2014-08-06,2014-08-07,13.0,Short Term (8-30 days),1.0,4,0,7.19,0,Desktop,0,Non-Package,11,205,155,14703,3,4,0,1,531,0.0,33,3,5447.7675,6,105,12,14,0,Search Only,1
1153176,2014-07-23 19:27:00,2014-07-23,2014,7,July,3,2014-Q3,2014-07,2014-W30,Wednesday,19,2014-07-26,2014-07-27,2.0,Last Minute (0-7 days),1.0,4,0,7.19,0,Desktop,0,Non-Package,11,205,354,30031,3,4,0,2,26014,20.0,5,6,73.281,2,198,954,50,0,Search Only,1
241669,2014-07-25 17:29:00,2014-07-25,2014,7,July,3,2014-Q3,2014-07,2014-W30,Friday,17,2014-08-09,2014-08-11,14.0,Short Term (8-30 days),2.0,3,5,9.43,0,Desktop,0,Non-Package,23,1,436,46596,1,2,1,1,33626,0.0,1,6,549.293,6,105,918,43,0,Search Only,1
444501,2014-07-27 10:26:00,2014-07-27,2014,7,July,3,2014-Q3,2014-07,2014-W30,Sunday,10,2014-08-29,2014-09-01,32.0,Medium Term (31-90 days),3.0,2,0,7.19,0,Desktop,0,Non-Package,2,66,220,36110,3,2,0,1,12484,0.0,16,5,196.0365,2,50,1457,90,0,Search Only,1
201095,2014-07-29 20:08:00,2014-07-29,2014,7,July,3,2014-Q3,2014-07,2014-W31,Tuesday,20,2014-08-04,2014-08-26,5.0,Last Minute (0-7 days),22.0,2,9,8.54,0,Desktop,0,Non-Package,2,66,260,2450,3,2,0,1,12014,14.89,47,1,16.7929,2,50,644,14,0,Search Only,1
109641,2014-07-30 20:06:00,2014-07-30,2014,7,July,3,2014-Q3,2014-07,2014-W31,Wednesday,20,2014-08-01,2014-08-02,1.0,Last Minute (0-7 days),1.0,3,3,6.04,0,Desktop,0,Non-Package,11,205,354,54585,3,3,0,1,12009,16.28,43,1,952.1819,2,50,680,42,0,Search Only,1
538290,2014-08-01 01:42:00,2014-08-01,2014,8,August,3,2014-Q3,2014-08,2014-W31,Friday,1,2014-08-07,2014-08-14,5.0,Last Minute (0-7 days),7.0,4,9,8.54,0,Desktop,0,Non-Package,2,28,154,34719,3,4,0,2,19994,3.57,28,6,1131.8353,6,77,1422,58,0,Search Only,4
284168,2014-08-02 21:45:00,2014-08-02,2014,8,August,3,2014-Q3,2014-08,2014-W31,Saturday,21,2014-08-14,2014-08-17,11.0,Short Term (8-30 days),3.0,2,0,7.19,1,Mobile,0,Non-Package,11,205,354,25315,3,2,0,1,8829,6.52,46,1,434.3181,2,50,698,93,0,Search Only,2
487198,2014-08-07 18:00:00,2014-08-07,2014,8,August,3,2014-Q3,2014-08,2014-W32,Thursday,18,2014-09-25,2014-09-26,48.0,Medium Term (31-90 days),1.0,1,1,6.97,1,Mobile,1,Package,2,66,174,17468,3,1,0,1,8254,6.56,793,1,335.4559,2,50,365,19,0,Search Only,2
306952,2014-08-08 08:47:00,2014-08-08,2014,8,August,3,2014-Q3,2014-08,2014-W32,Friday,8,2014-08-15,2014-08-16,6.0,Last Minute (0-7 days),1.0,4,0,7.19,0,Desktop,0,Non-Package,2,66,337,30384,3,2,2,1,25736,8.11,37,1,91.203,2,50,522,72,0,Search Only,5
377354,2014-08-09 13:09:00,2014-08-09,2014,8,August,3,2014-Q3,2014-08,2014-W32,Saturday,13,2014-09-15,2014-09-16,36.0,Medium Term (31-90 days),1.0,2,3,6.04,0,Desktop,0,Non-Package,2,66,462,49272,3,2,0,1,12916,11.11,9,5,5379.5447,6,107,36,61,0,Search Only,2
1051192,2014-08-10 19:18:00,2014-08-10,2014,8,August,3,2014-Q3,2014-08,2014-W32,Sunday,19,2014-12-19,2014-12-21,130.0,Long Term (>90 days),2.0,2,9,8.54,0,Desktop,0,Non-Package,2,66,174,7610,3,2,0,1,45689,8.33,12,6,88.5696,2,50,368,84,0,Search Only,1
654369,2014-08-13 09:44:00,2014-08-13,2014,8,August,3,2014-Q3,2014-08,2014-W33,Wednesday,9,2014-09-03,2014-09-07,20.0,Short Term (8-30 days),4.0,2,1,6.97,0,Desktop,0,Non-Package,2,66,220,2086,3,1,1,1,21406,0.0,7,6,1292.7992,4,8,121,2,0,Search Only,2
737658,2014-08-14 10:42:00,2014-08-14,2014,8,August,3,2014-Q3,2014-08,2014-W33,Thursday,10,2014-09-15,2014-09-17,31.0,Medium Term (31-90 days),2.0,1,9,8.54,0,Desktop,0,Non-Package,2,66,220,21252,3,1,0,1,393,16.67,6,1,4353.2364,4,196,1984,30,1,Booked,1
892378,2014-08-15 20:03:00,2014-08-15,2014,8,August,3,2014-Q3,2014-08,2014-W33,Friday,20,2014-09-05,2014-09-08,20.0,Short Term (8-30 days),3.0,2,5,9.43,0,Desktop,0,Non-Package,25,23,48,4924,2,1,1,1,8803,6.84,190,1,1131.8353,3,151,69,57,1,Booked,1
1104711,2014-08-16 09:12:00,2014-08-16,2014,8,August,3,2014-Q3,2014-08,2014-W33,Saturday,9,2015-02-28,2015-03-01,195.0,Long Term (>90 days),1.0,4,9,8.54,0,Desktop,0,Non-Package,11,205,385,1347,3,2,2,1,12669,16.88,77,5,1414.7747,2,50,701,23,0,Search Only,1
764956,2014-08-18 15:42:00,2014-08-18,2014,8,August,3,2014-Q3,2014-08,2014-W34,Monday,15,2014-08-30,2014-09-05,11.0,Short Term (8-30 days),6.0,2,0,7.19,0,Desktop,1,Package,37,69,917,46289,1,1,1,1,20070,14.29,7,6,1131.8353,6,77,1440,43,0,Search Only,2
638039,2014-08-18 22:01:00,2014-08-18,2014,8,August,3,2014-Q3,2014-08,2014-W34,Monday,22,2014-09-03,2014-09-06,15.0,Short Term (8-30 days),3.0,2,9,8.54,0,Desktop,1,Package,32,62,135,29395,1,2,0,1,53920,5.88,51,3,1131.8353,6,68,275,33,0,Search Only,1
682725,2014-08-20 11:43:00,2014-08-20,2014,8,August,3,2014-Q3,2014-08,2014-W34,Wednesday,11,2014-10-24,2014-10-26,64.0,Medium Term (31-90 days),2.0,3,5,9.43,0,Desktop,0,Non-Package,8,77,871,29706,4,3,0,1,59878,0.0,1,6,722.9941,0,63,1023,93,0,Search Only,1
649173,2014-08-20 13:54:00,2014-08-20,2014,8,August,3,2014-Q3,2014-08,2014-W34,Wednesday,13,2014-09-10,2014-09-14,20.0,Short Term (8-30 days),4.0,2,9,8.54,0,Desktop,1,Package,2,66,226,25300,3,2,0,1,8267,5.99,2739,1,720.1196,2,50,675,69,0,Search Only,5
914211,2014-08-22 17:15:00,2014-08-22,2014,8,August,3,2014-Q3,2014-08,2014-W34,Friday,17,2014-08-26,2014-08-30,3.0,Last Minute (0-7 days),4.0,2,9,8.54,0,Desktop,1,Package,2,66,220,8159,3,2,0,1,27949,0.0,22,6,185.8205,4,128,1455,26,0,Search Only,1
1173094,2014-08-24 00:07:00,2014-08-24,2014,8,August,3,2014-Q3,2014-08,2014-W34,Sunday,0,2015-03-23,2015-03-25,210.0,Long Term (>90 days),2.0,3,1,6.97,0,Desktop,1,Package,48,70,47,14566,2,2,1,1,20833,1.45,69,1,1131.8353,3,182,68,12,0,Search Only,1
201880,2014-08-24 15:30:00,2014-08-24,2014,8,August,3,2014-Q3,2014-08,2014-W34,Sunday,15,2014-10-30,2014-11-03,66.0,Medium Term (31-90 days),4.0,4,9,8.54,0,Desktop,1,Package,2,66,322,47394,3,2,2,1,8791,3.73,1691,1,1228.9117,4,8,110,65,0,Search Only,1
869501,2014-08-24 18:53:00,2014-08-24,2014,8,August,3,2014-Q3,2014-08,2014-W34,Sunday,18,2014-11-09,2014-11-15,76.0,Medium Term (31-90 days),6.0,2,9,8.54,1,Mobile,0,Non-Package,2,66,254,47071,3,2,0,1,26051,8.33,36,6,961.5121,2,50,1235,68,0,Search Only,1
592159,2014-08-24 21:24:00,2014-08-24,2014,8,August,3,2014-Q3,2014-08,2014-W34,Sunday,21,2014-10-16,2014-10-22,52.0,Medium Term (31-90 days),6.0,2,3,6.04,0,Desktop,0,Non-Package,33,194,38,42328,2,2,0,1,8230,10.27,662,1,1131.8353,2,50,637,48,0,Search Only,1
888699,2014-08-25 14:45:00,2014-08-25,2014,8,August,3,2014-Q3,2014-08,2014-W35,Monday,14,2014-09-21,2014-09-24,26.0,Short Term (8-30 days),3.0,2,2,6.05,1,Mobile,1,Package,2,66,174,620,3,2,0,1,19370,11.54,26,6,8785.379,3,168,1242,37,0,Search Only,1
406663,2014-08-26 11:13:00,2014-08-26,2014,8,August,3,2014-Q3,2014-08,2014-W35,Tuesday,11,2014-09-11,2014-09-13,15.0,Short Term (8-30 days),2.0,1,1,6.97,0,Desktop,0,Non-Package,2,66,471,20067,3,1,0,1,8213,7.9,405,1,4083.3461,6,68,275,11,0,Search Only,1
360189,2014-08-26 17:51:00,2014-08-26,2014,8,August,3,2014-Q3,2014-08,2014-W35,Tuesday,17,2014-10-08,2014-10-13,42.0,Medium Term (31-90 days),5.0,1,9,8.54,0,Desktop,1,Package,2,66,337,12122,3,1,0,1,44045,3.92,306,3,1094.1143,2,50,701,10,0,Search Only,1
37004,2014-08-27 17:31:00,2014-08-27,2014,8,August,3,2014-Q3,2014-08,2014-W35,Wednesday,17,2014-10-10,2014-10-13,43.0,Medium Term (31-90 days),3.0,4,9,8.54,0,Desktop,0,Non-Package,2,66,351,27337,3,2,2,1,15577,0.0,3,1,237.2826,2,50,579,39,0,Search Only,1
465732,2014-08-27 20:47:00,2014-08-27,2014,8,August,3,2014-Q3,2014-08,2014-W35,Wednesday,20,2014-10-30,2014-11-12,63.0,Medium Term (31-90 days),13.0,1,9,8.54,0,Desktop,1,Package,17,133,20,23873,1,1,0,1,8220,7.44,739,1,1131.8353,3,182,46,62,0,Search Only,3
173198,2014-08-28 10:01:00,2014-08-28,2014,8,August,3,2014-Q3,2014-08,2014-W35,Thursday,10,2014-12-11,2014-12-13,104.0,Long Term (>90 days),2.0,2,7,4.32,0,Desktop,1,Package,18,119,0,275,2,2,0,1,21222,0.88,227,1,1131.8353,3,152,73,27,0,Search Only,1
214609,2014-08-28 16:26:00,2014-08-28,2014,8,August,3,2014-Q3,2014-08,2014-W35,Thursday,16,2014-09-11,2014-09-13,13.0,Short Term (8-30 days),2.0,2,5,9.43,0,Desktop,0,Non-Package,23,1,143,14647,1,2,0,1,33625,0.0,3,6,536.3942,6,105,918,3,0,Search Only,3
948497,2014-08-29 09:05:00,2014-08-29,2014,8,August,3,2014-Q3,2014-08,2014-W35,Friday,9,2014-08-30,2014-09-01,0.0,Last Minute (0-7 days),2.0,2,0,7.19,1,Mobile,0,Non-Package,2,66,174,38899,3,2,0,1,44690,2.5,40,6,50.3889,2,50,366,70,0,Search Only,1
452962,2014-09-04 11:41:00,2014-09-04,2014,9,September,3,2014-Q3,2014-09,2014-W36,Thursday,11,2014-12-27,2014-12-29,113.0,Long Term (>90 days),2.0,1,9,8.54,0,Desktop,0,Non-Package,24,3,75,23864,2,1,0,1,12623,13.33,15,5,1131.8353,6,170,313,62,0,Search Only,2
1143666,2014-09-07 14:15:00,2014-09-07,2014,9,September,3,2014-Q3,2014-09,2014-W36,Sunday,14,2015-05-03,2015-05-10,237.0,Long Term (>90 days),7.0,4,1,6.97,0,Desktop,1,Package,37,69,758,1361,1,4,0,2,8250,6.92,3568,1,1131.8353,2,50,628,79,0,Search Only,3
21804,2014-09-08 12:30:00,2014-09-08,2014,9,September,3,2014-Q3,2014-09,2014-W37,Monday,12,2014-10-11,2014-10-13,32.0,Medium Term (31-90 days),2.0,2,5,9.43,0,Desktop,0,Non-Package,8,77,947,50710,4,2,0,1,17595,3.03,33,1,4758.5456,3,162,1047,36,0,Search Only,1
144574,2014-09-08 20:45:00,2014-09-08,2014,9,September,3,2014-Q3,2014-09,2014-W37,Monday,20,2014-09-25,2014-09-26,16.0,Short Term (8-30 days),1.0,2,9,8.54,0,Desktop,0,Non-Package,2,66,363,17420,3,2,0,1,19352,0.0,9,1,1131.8353,6,105,1867,8,0,Search Only,1
662734,2014-09-09 09:39:00,2014-09-09,2014,9,September,3,2014-Q3,2014-09,2014-W37,Tuesday,9,2015-01-14,2015-01-17,126.0,Long Term (>90 days),3.0,4,4,12.08,0,Desktop,1,Package,37,69,585,40970,1,4,0,1,8267,5.99,2739,1,1131.8353,2,50,675,69,0,Search Only,2
322874,2014-09-11 12:11:00,2014-09-11,2014,9,September,3,2014-Q3,2014-09,2014-W37,Thursday,12,2014-10-26,2014-11-02,44.0,Medium Term (31-90 days),7.0,2,5,9.43,0,Desktop,0,Non-Package,9,32,583,9102,1,2,0,1,12206,6.45,899,6,1131.8353,2,50,628,45,0,Search Only,1
116502,2014-09-14 23:22:00,2014-09-14,2014,9,September,3,2014-Q3,2014-09,2014-W37,Sunday,23,2014-10-13,2014-10-19,28.0,Short Term (8-30 days),6.0,2,9,8.54,0,Desktop,0,Non-Package,37,69,923,54859,1,2,0,1,7635,4.76,714,3,1131.8353,2,50,675,69,0,Search Only,1
571832,2014-09-16 09:15:00,2014-09-16,2014,9,September,3,2014-Q3,2014-09,2014-W38,Tuesday,9,2014-09-19,2014-09-20,2.0,Last Minute (0-7 days),1.0,5,0,7.19,0,Desktop,0,Non-Package,2,66,337,44102,3,3,2,1,11975,8.33,36,1,142.8827,2,50,1507,13,0,Search Only,1
240995,2014-09-16 17:49:00,2014-09-16,2014,9,September,3,2014-Q3,2014-09,2014-W38,Tuesday,17,2015-03-26,2015-03-30,190.0,Long Term (>90 days),4.0,2,9,8.54,0,Desktop,1,Package,2,66,448,50947,3,1,1,1,11640,0.0,9,6,1739.8864,4,53,1936,34,0,Search Only,2
492015,2014-09-17 12:27:00,2014-09-17,2014,9,September,3,2014-Q3,2014-09,2014-W38,Wednesday,12,2014-09-19,2014-09-21,1.0,Last Minute (0-7 days),2.0,2,9,8.54,0,Desktop,0,Non-Package,2,69,581,39735,3,2,0,1,18481,5.0,20,1,1131.8353,6,70,1911,16,0,Search Only,1
884335,2014-09-17 16:33:00,2014-09-17,2014,9,September,3,2014-Q3,2014-09,2014-W38,Wednesday,16,2014-11-26,2014-12-01,69.0,Medium Term (31-90 days),5.0,2,9,8.54,1,Mobile,1,Package,2,66,351,52368,3,2,0,1,12208,6.98,43,6,1831.6718,2,50,628,1,0,Search Only,2
1093834,2014-09-17 21:11:00,2014-09-17,2014,9,September,3,2014-Q3,2014-09,2014-W38,Wednesday,21,2014-09-18,2014-09-19,0.0,Last Minute (0-7 days),1.0,2,0,7.19,1,Mobile,0,Non-Package,2,66,474,18236,3,2,0,1,11835,12.28,114,1,480.4098,2,50,633,54,1,Booked,1
1041693,2014-09-26 19:05:00,2014-09-26,2014,9,September,3,2014-Q3,2014-09,2014-W39,Friday,19,2014-10-03,2014-10-04,6.0,Last Minute (0-7 days),1.0,2,9,8.54,0,Desktop,0,Non-Package,34,205,354,41495,3,2,0,1,26227,9.52,126,6,307.1871,2,198,384,83,0,Search Only,1
576623,2014-09-26 22:29:00,2014-09-26,2014,9,September,3,2014-Q3,2014-09,2014-W39,Friday,22,2014-12-25,2014-12-26,89.0,Medium Term (31-90 days),1.0,2,9,8.54,0,Desktop,1,Package,2,66,220,1437,3,2,0,1,8816,10.23,88,1,1004.2999,4,163,1935,6,0,Search Only,1
9399,2014-09-27 21:03:00,2014-09-27,2014,9,September,3,2014-Q3,2014-09,2014-W39,Saturday,21,2014-11-12,2014-11-16,45.0,Medium Term (31-90 days),4.0,2,2,6.05,0,Desktop,0,Non-Package,24,3,64,3169,2,2,0,1,8795,4.44,45,1,1131.8353,0,63,966,46,0,Search Only,1
1189068,2014-09-29 15:58:00,2014-09-29,2014,9,September,3,2014-Q3,2014-09,2014-W40,Monday,15,2014-10-02,2014-10-03,2.0,Last Minute (0-7 days),1.0,1,4,12.08,0,Desktop,0,Non-Package,24,3,44,48637,2,1,0,1,8745,5.4,1296,1,1131.8353,6,204,27,8,0,Search Only,1
345583,2014-09-29 18:40:00,2014-09-29,2014,9,September,3,2014-Q3,2014-09,2014-W40,Monday,18,2014-12-14,2014-12-17,75.0,Medium Term (31-90 days),3.0,1,9,8.54,0,Desktop,0,Non-Package,2,66,435,25608,3,1,0,1,8793,9.16,131,1,390.9131,2,50,677,22,0,Search Only,1
318633,2014-09-30 07:09:00,2014-09-30,2014,9,September,3,2014-Q3,2014-09,2014-W40,Tuesday,7,2014-11-09,2014-11-14,39.0,Medium Term (31-90 days),5.0,2,9,8.54,0,Desktop,0,Non-Package,2,66,348,34608,3,2,0,2,8265,5.43,129,1,1131.8353,2,50,647,76,0,Search Only,1
867069,2014-10-01 17:08:00,2014-10-01,2014,10,October,4,2014-Q4,2014-10,2014-W40,Wednesday,17,2014-10-06,2014-10-10,4.0,Last Minute (0-7 days),4.0,1,0,7.19,0,Desktop,0,Non-Package,2,66,462,14785,3,1,0,1,8281,7.79,398,1,229.4232,2,50,663,50,0,Search Only,2
780723,2014-10-01 23:26:00,2014-10-01,2014,10,October,4,2014-Q4,2014-10,2014-W40,Wednesday,23,2014-10-14,2014-10-17,12.0,Short Term (8-30 days),3.0,2,0,7.19,0,Desktop,1,Package,14,214,121,40092,1,2,0,1,8745,5.4,1296,1,1131.8353,6,204,27,43,0,Search Only,5
1180607,2014-10-03 08:45:00,2014-10-03,2014,10,October,4,2014-Q4,2014-10,2014-W40,Friday,8,2015-01-09,2015-01-18,97.0,Long Term (>90 days),9.0,1,9,8.54,0,Desktop,0,Non-Package,23,1,167,39407,1,1,0,1,5366,0.0,5,6,1871.9252,6,77,1410,14,0,Search Only,2
782904,2014-10-04 21:16:00,2014-10-04,2014,10,October,4,2014-Q4,2014-10,2014-W40,Saturday,21,2014-11-30,2014-12-01,56.0,Medium Term (31-90 days),1.0,2,9,8.54,0,Desktop,0,Non-Package,24,3,71,36693,2,2,0,2,8741,11.28,133,1,1131.8353,6,144,13,90,1,Booked,1
388654,2014-10-07 08:40:00,2014-10-07,2014,10,October,4,2014-Q4,2014-10,2014-W41,Tuesday,8,2014-10-11,2014-10-14,3.0,Last Minute (0-7 days),3.0,3,9,8.54,0,Desktop,0,Non-Package,2,66,258,2592,3,3,0,1,8267,5.99,2739,1,721.4804,2,50,675,97,0,Search Only,2
50323,2014-10-07 20:54:00,2014-10-07,2014,10,October,4,2014-Q4,2014-10,2014-W41,Tuesday,20,2015-04-02,2015-04-05,176.0,Long Term (>90 days),3.0,2,9,8.54,0,Desktop,1,Package,2,66,174,49870,3,2,0,1,8266,6.28,430,1,1651.9601,2,50,411,21,0,Search Only,1
222388,2014-10-08 11:56:00,2014-10-08,2014,10,October,4,2014-Q4,2014-10,2014-W41,Wednesday,11,2014-10-11,2014-10-12,2.0,Last Minute (0-7 days),1.0,2,9,8.54,1,Mobile,0,Non-Package,2,66,442,76,3,2,0,1,14797,12.5,24,1,1291.5591,2,50,369,91,0,Search Only,2
526523,2014-10-10 12:36:00,2014-10-10,2014,10,October,4,2014-Q4,2014-10,2014-W41,Friday,12,2014-10-23,2014-10-24,12.0,Short Term (8-30 days),1.0,1,9,8.54,0,Desktop,0,Non-Package,2,66,442,76,3,1,0,1,27369,100.0,1,6,626.5469,2,50,1077,48,1,Booked,1
642231,2014-10-13 19:42:00,2014-10-13,2014,10,October,4,2014-Q4,2014-10,2014-W42,Monday,19,2014-12-03,2014-12-05,50.0,Medium Term (31-90 days),2.0,2,9,8.54,0,Desktop,1,Package,2,66,337,44102,3,2,0,1,8260,4.45,966,1,1096.805,2,50,701,17,0,Search Only,3
1116705,2014-10-14 19:05:00,2014-10-14,2014,10,October,4,2014-Q4,2014-10,2014-W42,Tuesday,19,2014-11-06,2014-11-09,22.0,Short Term (8-30 days),3.0,2,1,6.97,0,Desktop,1,Package,13,46,171,26622,1,2,0,1,8285,3.76,133,1,803.0941,6,21,32,10,0,Search Only,1
229181,2014-10-18 22:27:00,2014-10-18,2014,10,October,4,2014-Q4,2014-10,2014-W42,Saturday,22,2014-12-25,2015-01-03,67.0,Medium Term (31-90 days),9.0,4,9,8.54,1,Mobile,1,Package,11,205,155,14703,3,4,0,2,8825,0.75,133,3,2811.4839,4,8,111,85,0,Search Only,1
72389,2014-10-19 09:33:00,2014-10-19,2014,10,October,4,2014-Q4,2014-10,2014-W42,Sunday,9,2014-11-19,2014-11-20,30.0,Short Term (8-30 days),1.0,2,2,6.05,0,Desktop,0,Non-Package,2,66,174,44047,3,2,0,1,669,4.58,546,3,2568.273,2,50,212,41,0,Search Only,1
733134,2014-10-20 12:43:00,2014-10-20,2014,10,October,4,2014-Q4,2014-10,2014-W43,Monday,12,2014-11-21,2014-11-25,31.0,Medium Term (31-90 days),4.0,2,9,8.54,0,Desktop,0,Non-Package,2,215,553,11431,3,2,0,1,7635,4.76,714,3,1131.8353,2,50,675,98,0,Search Only,1
524944,2014-10-20 14:16:00,2014-10-20,2014,10,October,4,2014-Q4,2014-10,2014-W43,Monday,14,2015-01-02,2015-01-06,73.0,Medium Term (31-90 days),4.0,2,3,6.04,0,Desktop,1,Package,2,66,348,24960,3,2,0,1,11373,5.88,272,1,1164.1787,4,128,1400,38,0,Search Only,1
433484,2014-10-21 09:38:00,2014-10-21,2014,10,October,4,2014-Q4,2014-10,2014-W43,Tuesday,9,2014-12-31,2015-01-03,70.0,Medium Term (31-90 days),3.0,4,9,8.54,0,Desktop,0,Non-Package,2,215,646,51733,3,4,0,2,12206,6.45,899,6,1512.7296,2,50,628,19,0,Search Only,2
899451,2014-10-22 00:09:00,2014-10-22,2014,10,October,4,2014-Q4,2014-10,2014-W43,Wednesday,0,2014-12-01,2014-12-13,39.0,Medium Term (31-90 days),12.0,1,0,7.19,0,Desktop,1,Package,37,69,965,50820,1,1,0,1,8257,5.76,139,1,1131.8353,0,63,1108,47,0,Search Only,1
270863,2014-10-22 12:23:00,2014-10-22,2014,10,October,4,2014-Q4,2014-10,2014-W43,Wednesday,12,2014-11-06,2014-11-07,14.0,Short Term (8-30 days),1.0,2,2,6.05,0,Desktop,0,Non-Package,2,66,335,43398,3,2,0,1,8811,5.5,109,1,1131.8353,2,198,391,91,0,Search Only,1
711796,2014-10-22 14:56:00,2014-10-22,2014,10,October,4,2014-Q4,2014-10,2014-W43,Wednesday,14,2015-01-15,2015-01-29,84.0,Medium Term (31-90 days),14.0,3,5,9.43,0,Desktop,0,Non-Package,8,77,824,13609,4,2,1,1,25085,0.0,8,6,8267.6976,2,50,671,25,0,Search Only,1
868253,2014-10-23 10:06:00,2014-10-23,2014,10,October,4,2014-Q4,2014-10,2014-W43,Thursday,10,2014-10-25,2014-10-26,1.0,Last Minute (0-7 days),1.0,2,0,7.19,0,Desktop,0,Non-Package,2,66,462,14703,3,2,0,1,23404,0.0,4,6,68.0198,2,50,1179,48,0,Search Only,2
560135,2014-10-23 17:44:00,2014-10-23,2014,10,October,4,2014-Q4,2014-10,2014-W43,Thursday,17,2014-11-27,2014-11-29,34.0,Medium Term (31-90 days),2.0,4,9,8.54,1,Mobile,0,Non-Package,2,66,351,8978,3,2,2,1,8267,5.99,2739,1,483.4459,2,50,675,70,0,Search Only,1
278628,2014-10-27 22:21:00,2014-10-27,2014,10,October,4,2014-Q4,2014-10,2014-W44,Monday,22,2014-10-31,2014-11-02,3.0,Last Minute (0-7 days),2.0,4,7,4.32,0,Desktop,0,Non-Package,2,66,442,35574,3,4,0,2,26994,17.39,23,6,205.7815,2,50,1529,11,0,Search Only,1
1037260,2014-10-28 15:02:00,2014-10-28,2014,10,October,4,2014-Q4,2014-10,2014-W44,Tuesday,15,2014-11-22,2014-11-26,24.0,Short Term (8-30 days),4.0,3,9,8.54,0,Desktop,0,Non-Package,2,66,153,52989,3,2,1,1,12528,40.0,5,5,1821.0422,2,50,488,90,0,Search Only,1
687403,2014-10-29 14:14:00,2014-10-29,2014,10,October,4,2014-Q4,2014-10,2014-W44,Wednesday,14,2015-03-24,2015-03-27,145.0,Long Term (>90 days),3.0,2,7,4.32,0,Desktop,1,Package,18,119,0,27731,2,2,0,1,8744,2.83,212,1,1131.8353,3,106,108,36,0,Search Only,2
981213,2014-10-29 22:09:00,2014-10-29,2014,10,October,4,2014-Q4,2014-10,2014-W44,Wednesday,22,2015-03-19,2015-03-24,140.0,Long Term (>90 days),5.0,2,0,7.19,0,Desktop,0,Non-Package,33,194,38,42328,2,2,0,1,8245,4.97,362,1,1131.8353,6,22,245,64,0,Search Only,1
466671,2014-10-30 15:29:00,2014-10-30,2014,10,October,4,2014-Q4,2014-10,2014-W44,Thursday,15,2014-11-15,2014-11-19,15.0,Short Term (8-30 days),4.0,2,4,12.08,0,Desktop,1,Package,37,69,1011,44556,1,2,0,1,8267,5.99,2739,1,1131.8353,2,50,675,33,0,Search Only,1
1075888,2014-10-31 12:59:00,2014-10-31,2014,10,October,4,2014-Q4,2014-10,2014-W44,Friday,12,2014-12-02,2014-12-03,31.0,Medium Term (31-90 days),1.0,2,2,6.05,0,Desktop,0,Non-Package,2,66,356,16181,3,2,0,1,20841,15.38,26,6,7972.2103,3,182,68,63,0,Search Only,1
111364,2014-11-04 18:49:00,2014-11-04,2014,11,November,4,2014-Q4,2014-11,2014-W45,Tuesday,18,2014-11-06,2014-11-09,1.0,Last Minute (0-7 days),3.0,2,9,8.54,0,Desktop,0,Non-Package,2,66,226,42300,3,2,0,1,8218,11.24,178,1,821.7107,2,50,743,91,0,Search Only,1
380524,2014-11-09 07:30:00,2014-11-09,2014,11,November,4,2014-Q4,2014-11,2014-W45,Sunday,7,2014-12-13,2014-12-14,33.0,Medium Term (31-90 days),1.0,2,9,8.54,0,Desktop,0,Non-Package,2,66,174,16561,3,2,0,1,44258,16.67,12,8,1131.8353,2,50,699,59,1,Booked,1
390982,2014-11-13 06:28:00,2014-11-13,2014,11,November,4,2014-Q4,2014-11,2014-W46,Thursday,6,2015-02-27,2015-03-01,105.0,Long Term (>90 days),2.0,2,2,6.05,0,Desktop,0,Non-Package,2,66,311,32862,3,2,0,1,11848,7.58,66,1,1235.8347,2,50,705,91,0,Search Only,1
45892,2014-11-13 10:57:00,2014-11-13,2014,11,November,4,2014-Q4,2014-11,2014-W46,Thursday,10,2014-11-28,2014-11-30,14.0,Short Term (8-30 days),2.0,2,9,8.54,0,Desktop,0,Non-Package,6,162,13,34170,0,2,0,1,8267,5.99,2739,1,1131.8353,2,50,675,98,0,Search Only,1
1120192,2014-11-13 22:55:00,2014-11-13,2014,11,November,4,2014-Q4,2014-11,2014-W46,Thursday,22,2014-11-14,2014-11-16,0.0,Last Minute (0-7 days),2.0,3,9,8.54,0,Desktop,0,Non-Package,2,66,220,775,3,2,1,1,8216,11.93,218,1,304.173,2,50,350,28,0,Search Only,1
401783,2014-11-14 07:23:00,2014-11-14,2014,11,November,4,2014-Q4,2014-11,2014-W46,Friday,7,2014-12-20,2014-12-21,35.0,Medium Term (31-90 days),1.0,2,9,8.54,0,Desktop,0,Non-Package,2,66,442,18617,3,2,0,1,952,10.0,10,3,1131.8353,3,89,811,43,0,Search Only,2
51203,2014-11-15 14:21:00,2014-11-15,2014,11,November,4,2014-Q4,2014-11,2014-W46,Saturday,14,2015-01-30,2015-02-02,75.0,Medium Term (31-90 days),3.0,2,2,6.05,0,Desktop,0,Non-Package,2,66,311,38374,3,2,0,1,8250,6.92,3568,1,2374.776,2,50,628,45,0,Search Only,2
768048,2014-11-19 10:22:00,2014-11-19,2014,11,November,4,2014-Q4,2014-11,2014-W47,Wednesday,10,2014-12-01,2014-12-21,11.0,Short Term (8-30 days),20.0,0,5,9.43,0,Desktop,1,Package,13,46,157,34868,1,0,0,1,20456,6.12,49,1,4167.1434,3,104,60,53,0,Search Only,2
1167273,2014-11-19 17:00:00,2014-11-19,2014,11,November,4,2014-Q4,2014-11,2014-W47,Wednesday,17,2015-05-01,2015-05-05,162.0,Long Term (>90 days),4.0,1,2,6.05,0,Desktop,0,Non-Package,24,3,65,28685,2,1,0,1,8818,9.27,248,1,1131.8353,3,99,88,46,0,Search Only,1
595723,2014-11-19 19:56:00,2014-11-19,2014,11,November,4,2014-Q4,2014-11,2014-W47,Wednesday,19,2015-01-03,2015-01-05,44.0,Medium Term (31-90 days),2.0,2,9,8.54,0,Desktop,0,Non-Package,2,66,442,46296,3,2,0,1,18492,13.33,15,6,5842.4056,6,105,29,99,0,Search Only,1
386534,2014-11-20 07:39:00,2014-11-20,2014,11,November,4,2014-Q4,2014-11,2014-W47,Thursday,7,2014-12-08,2014-12-13,17.0,Short Term (8-30 days),5.0,1,9,8.54,0,Desktop,0,Non-Package,2,66,174,17494,3,1,0,1,8819,8.58,571,1,8479.6907,3,168,1242,9,0,Search Only,1
853552,2014-11-20 07:46:00,2014-11-20,2014,11,November,4,2014-Q4,2014-11,2014-W47,Thursday,7,2014-12-11,2014-12-13,20.0,Short Term (8-30 days),2.0,1,0,7.19,0,Desktop,1,Package,2,66,337,44102,3,1,0,1,12014,14.89,47,1,647.8021,2,50,644,47,0,Search Only,1
709700,2014-11-21 22:22:00,2014-11-21,2014,11,November,4,2014-Q4,2014-11,2014-W47,Friday,22,2014-11-28,2014-11-29,6.0,Last Minute (0-7 days),1.0,1,9,8.54,0,Desktop,0,Non-Package,2,66,442,28620,3,1,0,1,8239,11.76,34,1,188.0945,2,50,407,63,0,Search Only,1
214829,2014-11-23 12:19:00,2014-11-23,2014,11,November,4,2014-Q4,2014-11,2014-W47,Sunday,12,2015-04-12,2015-04-13,139.0,Long Term (>90 days),1.0,2,9,8.54,0,Desktop,0,Non-Package,8,77,824,45113,4,2,0,1,8289,7.5,240,1,9926.9747,6,107,36,9,0,Search Only,1
880617,2014-11-24 07:34:00,2014-11-24,2014,11,November,4,2014-Q4,2014-11,2014-W48,Monday,7,2015-02-23,2015-02-25,90.0,Medium Term (31-90 days),2.0,4,9,8.54,0,Desktop,0,Non-Package,2,66,153,25392,3,2,2,1,25082,20.0,5,6,536.1789,2,50,671,13,0,Search Only,1
465309,2014-11-24 12:55:00,2014-11-24,2014,11,November,4,2014-Q4,2014-11,2014-W48,Monday,12,2014-12-08,2014-12-10,13.0,Short Term (8-30 days),2.0,2,9,8.54,1,Mobile,0,Non-Package,17,236,0,10535,1,2,0,1,8799,9.38,64,1,1131.8353,6,46,1463,69,0,Search Only,3
267955,2014-11-24 13:12:00,2014-11-24,2014,11,November,4,2014-Q4,2014-11,2014-W48,Monday,13,2015-06-13,2015-06-21,200.0,Long Term (>90 days),8.0,2,5,9.43,0,Desktop,1,Package,2,66,153,50542,3,2,0,1,8267,5.99,2739,1,2131.0152,2,50,675,28,1,Booked,1
859323,2014-11-25 14:14:00,2014-11-25,2014,11,November,4,2014-Q4,2014-11,2014-W48,Tuesday,14,2014-11-28,2014-12-02,2.0,Last Minute (0-7 days),4.0,8,5,9.43,0,Desktop,0,Non-Package,37,69,832,6994,1,8,0,8,8253,4.96,1310,1,1131.8353,6,70,19,98,0,Search Only,1
3726,2014-11-25 17:54:00,2014-11-25,2014,11,November,4,2014-Q4,2014-11,2014-W48,Tuesday,17,2015-02-14,2015-02-18,80.0,Medium Term (31-90 days),4.0,3,9,8.54,0,Desktop,0,Non-Package,37,69,912,11121,1,2,1,1,53533,4.42,113,3,1131.8353,6,70,19,90,0,Search Only,1
711976,2014-11-27 15:43:00,2014-11-27,2014,11,November,4,2014-Q4,2014-11,2014-W48,Thursday,15,2015-01-03,2015-01-04,36.0,Medium Term (31-90 days),1.0,3,0,7.19,0,Desktop,0,Non-Package,25,23,48,4924,2,3,0,1,20222,0.0,3,6,1131.8353,3,182,46,29,0,Search Only,1
934471,2014-11-28 14:58:00,2014-11-28,2014,11,November,4,2014-Q4,2014-11,2014-W48,Friday,14,2015-01-08,2015-01-10,40.0,Medium Term (31-90 days),2.0,1,2,6.05,0,Desktop,0,Non-Package,11,205,155,14703,3,1,0,1,8739,5.9,305,1,4960.6537,6,144,4,12,0,Search Only,1
1070268,2014-11-28 20:17:00,2014-11-28,2014,11,November,4,2014-Q4,2014-11,2014-W48,Friday,20,2014-12-30,2015-01-05,31.0,Medium Term (31-90 days),6.0,4,9,8.54,0,Desktop,1,Package,2,66,258,18236,3,2,2,1,11938,2.41,705,1,1467.8731,4,8,126,65,0,Search Only,1
304656,2014-11-28 21:37:00,2014-11-28,2014,11,November,4,2014-Q4,2014-11,2014-W48,Friday,21,2015-02-12,2015-02-16,75.0,Medium Term (31-90 days),4.0,1,9,8.54,0,Desktop,0,Non-Package,2,66,348,48862,3,1,0,1,8747,5.87,511,1,6746.3046,3,106,107,9,0,Search Only,1
733640,2014-11-28 22:36:00,2014-11-28,2014,11,November,4,2014-Q4,2014-11,2014-W48,Friday,22,2015-01-08,2015-01-11,40.0,Medium Term (31-90 days),3.0,2,9,8.54,0,Desktop,0,Non-Package,24,3,51,39770,2,2,0,1,1398,4.46,112,3,1131.8353,3,141,1240,3,0,Search Only,1
461371,2014-11-30 10:02:00,2014-11-30,2014,11,November,4,2014-Q4,2014-11,2014-W48,Sunday,10,2014-12-12,2014-12-16,11.0,Short Term (8-30 days),4.0,4,9,8.54,0,Desktop,0,Non-Package,2,66,174,18354,3,2,2,1,21222,0.88,227,1,9310.106,3,152,73,74,0,Search Only,2
1027328,2014-11-30 13:01:00,2014-11-30,2014,11,November,4,2014-Q4,2014-11,2014-W48,Sunday,13,2015-01-10,2015-01-11,40.0,Medium Term (31-90 days),1.0,2,2,6.05,0,Desktop,0,Non-Package,2,66,254,5391,3,2,0,1,11353,5.24,477,1,1281.5884,2,50,699,31,0,Search Only,1
1093085,2014-11-30 15:15:00,2014-11-30,2014,11,November,4,2014-Q4,2014-11,2014-W48,Sunday,15,2015-08-26,2015-08-31,268.0,Long Term (>90 days),5.0,2,1,6.97,0,Desktop,1,Package,2,66,442,51886,3,2,0,1,8238,6.59,182,1,4472.0923,6,31,155,64,0,Search Only,1
410144,2014-11-30 17:44:00,2014-11-30,2014,11,November,4,2014-Q4,2014-11,2014-W48,Sunday,17,2015-01-22,2015-02-08,52.0,Medium Term (31-90 days),17.0,2,9,8.54,1,Mobile,0,Non-Package,2,66,174,9821,3,2,0,1,8225,9.02,122,1,6044.8794,4,124,1939,36,0,Search Only,2
148810,2014-12-02 21:42:00,2014-12-02,2014,12,December,4,2014-Q4,2014-12,2014-W49,Tuesday,21,2015-01-02,2015-01-05,30.0,Short Term (8-30 days),3.0,2,2,6.05,0,Desktop,0,Non-Package,2,66,174,24103,3,2,0,1,669,4.58,546,3,2558.5613,2,50,212,9,0,Search Only,1
66292,2014-12-04 17:41:00,2014-12-04,2014,12,December,4,2014-Q4,2014-12,2014-W49,Thursday,17,2014-12-26,2014-12-30,21.0,Short Term (8-30 days),4.0,4,9,8.54,1,Mobile,0,Non-Package,34,205,354,25315,3,4,0,1,12235,16.67,24,6,346.2236,2,50,676,83,0,Search Only,1
900274,2014-12-07 12:30:00,2014-12-07,2014,12,December,4,2014-Q4,2014-12,2014-W49,Sunday,12,2015-10-11,2015-10-13,307.0,Long Term (>90 days),2.0,1,9,8.54,1,Mobile,0,Non-Package,2,66,348,48435,3,1,0,1,44045,3.92,306,3,1131.8353,2,50,701,83,0,Search Only,1
916158,2014-12-07 19:52:00,2014-12-07,2014,12,December,4,2014-Q4,2014-12,2014-W49,Sunday,19,2014-12-22,2014-12-23,14.0,Short Term (8-30 days),1.0,2,9,8.54,0,Desktop,0,Non-Package,2,66,315,17350,3,2,0,1,12233,5.68,405,6,341.0643,2,50,675,55,0,Search Only,1
194316,2014-12-09 07:51:00,2014-12-09,2014,12,December,4,2014-Q4,2014-12,2014-W50,Tuesday,7,2014-12-22,2014-12-23,12.0,Short Term (8-30 days),1.0,1,1,6.97,0,Desktop,0,Non-Package,2,66,258,27462,3,1,0,1,50221,0.0,1,4,1529.9122,4,8,125,36,0,Search Only,1
916117,2014-12-09 20:18:00,2014-12-09,2014,12,December,4,2014-Q4,2014-12,2014-W50,Tuesday,20,2015-09-04,2015-09-18,268.0,Long Term (>90 days),14.0,2,9,8.54,1,Mobile,1,Package,34,205,411,21898,3,2,0,1,8250,6.92,3568,1,1102.606,2,50,628,71,0,Search Only,1
69581,2014-12-12 00:49:00,2014-12-12,2014,12,December,4,2014-Q4,2014-12,2014-W50,Friday,0,2015-01-07,2015-01-14,25.0,Short Term (8-30 days),7.0,2,9,8.54,0,Desktop,1,Package,2,123,0,46881,3,2,0,1,8256,7.58,132,1,1131.8353,3,82,230,46,0,Search Only,1
346646,2014-12-13 19:17:00,2014-12-13,2014,12,December,4,2014-Q4,2014-12,2014-W50,Saturday,19,2014-12-20,2014-12-21,6.0,Last Minute (0-7 days),1.0,4,2,6.05,0,Desktop,0,Non-Package,2,66,314,16360,3,2,2,1,8267,5.99,2739,1,180.8861,2,50,676,16,0,Search Only,1
607541,2014-12-14 10:49:00,2014-12-14,2014,12,December,4,2014-Q4,2014-12,2014-W50,Sunday,10,2014-12-31,2015-01-01,16.0,Short Term (8-30 days),1.0,1,9,8.54,0,Desktop,0,Non-Package,2,66,311,10728,3,1,0,1,27819,25.0,28,6,90.8613,2,50,690,21,0,Search Only,1
1078788,2014-12-14 19:42:00,2014-12-14,2014,12,December,4,2014-Q4,2014-12,2014-W50,Sunday,19,2015-04-30,2015-05-02,136.0,Long Term (>90 days),2.0,4,3,6.04,0,Desktop,1,Package,2,66,318,16876,3,4,0,1,8253,4.96,1310,1,3739.5399,6,70,19,41,0,Search Only,1
85376,2014-12-16 08:53:00,2014-12-16,2014,12,December,4,2014-Q4,2014-12,2014-W51,Tuesday,8,2015-01-09,2015-01-12,23.0,Short Term (8-30 days),3.0,2,5,9.43,0,Desktop,1,Package,2,66,174,35675,3,2,0,1,8824,4.72,381,1,1247.2829,4,8,118,31,0,Search Only,1
553570,2014-12-19 12:12:00,2014-12-19,2014,12,December,4,2014-Q4,2014-12,2014-W51,Friday,12,2014-12-21,2014-12-24,1.0,Last Minute (0-7 days),3.0,2,2,6.05,0,Desktop,0,Non-Package,2,66,403,36507,3,2,0,1,11854,4.41,68,1,519.4171,2,50,700,15,0,Search Only,4
460254,2014-12-20 19:03:00,2014-12-20,2014,12,December,4,2014-Q4,2014-12,2014-W51,Saturday,19,2014-12-26,2014-12-28,5.0,Last Minute (0-7 days),2.0,3,3,6.04,0,Desktop,0,Non-Package,2,66,174,17494,3,2,1,1,11620,4.46,157,1,208.0081,2,50,369,42,0,Search Only,2
110963,2014-12-22 07:49:00,2014-12-22,2014,12,December,4,2014-Q4,2014-12,2014-W52,Monday,7,2015-01-06,2015-01-08,14.0,Short Term (8-30 days),2.0,4,9,8.54,0,Desktop,0,Non-Package,2,66,220,1437,3,2,2,1,45002,0.0,1,1,1690.3286,4,119,2070,81,0,Search Only,2
827424,2014-12-25 21:29:00,2014-12-25,2014,12,December,4,2014-Q4,2014-12,2014-W52,Thursday,21,2015-01-02,2015-01-03,7.0,Last Minute (0-7 days),1.0,2,1,6.97,0,Desktop,0,Non-Package,2,66,258,4687,3,2,0,1,8268,4.61,1409,1,1000.78,2,50,682,39,0,Search Only,1
410759,2014-12-27 17:32:00,2014-12-27,2014,12,December,4,2014-Q4,2014-12,2014-W52,Saturday,17,2014-12-28,2014-12-29,0.0,Last Minute (0-7 days),1.0,4,9,8.54,1,Mobile,0,Non-Package,2,66,184,2037,3,4,0,2,24846,11.11,9,6,379.2793,2,50,661,28,0,Search Only,1
384778,2014-12-27 21:43:00,2014-12-27,2014,12,December,4,2014-Q4,2014-12,2014-W52,Saturday,21,2015-04-03,2015-04-08,96.0,Long Term (>90 days),5.0,3,9,8.54,0,Desktop,1,Package,2,66,462,4272,3,3,0,1,8824,4.72,381,1,1833.5451,4,8,118,52,0,Search Only,1
808415,2014-12-28 20:17:00,2014-12-28,2014,12,December,4,2014-Q4,2014-12,2014-W52,Sunday,20,2015-03-13,2015-03-14,74.0,Medium Term (31-90 days),1.0,2,9,8.54,0,Desktop,0,Non-Package,37,69,573,33444,1,2,0,1,4992,6.38,94,1,1131.8353,3,110,72,10,0,Search Only,1
1186633,2014-12-31 13:04:00,2014-12-31,2014,12,December,4,2014-Q4,2014-12,2014-W01,Wednesday,13,2015-11-03,2015-11-04,306.0,Long Term (>90 days),1.0,2,9,8.54,0,Desktop,0,Non-Package,8,77,401,24339,4,2,0,1,8849,3.53,85,1,1131.8353,0,63,1023,59,0,Search Only,1
