order_id,customer_id,product_id,category,order_date,year,month,month_name,quarter,year_quarter,year_month,week,day_of_week,day_of_week_num,price,quantity,discount,discount_category,has_discount,payment_method,delivery_time_days,shipping_cost,region,total_amount,profit_margin,profit_amount,is_profitable,gross_margin_pct,returned,return_flag,customer_age,age_group,customer_gender,customer_order_count,is_repeat_customer,customer_type,order_value_category,product_order_count,product_total_revenue,product_total_profit,product_total_quantity,product_avg_price,product_return_rate,customer_total_orders,customer_lifetime_value,customer_total_profit,customer_avg_order_value,customer_return_count,category_order_count,category_total_revenue,category_total_profit,category_return_rate
O109687,C13205,P222169,Beauty,2023-09-23,2023,9,September,3,2023-Q3,2023-09,38,Saturday,5,5.93,1,0.15,Medium (11-20%),1,COD,6,0.45,West,5.04,1.82,0.09,1,1.82,No,0,29,26-35,Male,9,1,Frequent Customer,Low (<$50),3,365.90999999999997,113.11,5,73.18,0.0,9,706.0899999999999,575.07,78.45,1,4103,153019.38,52717.43,3.78
O130299,C14240,P215372,Toys,2023-09-23,2023,9,September,3,2023-Q3,2023-09,38,Saturday,5,12.52,3,0.0,No Discount,0,Credit Card,5,5.26,East,37.56,9.76,3.67,1,9.76,No,0,60,56-65,Female,4,1,Frequent Customer,Low (<$50),3,1274.28,1531.17,6,212.38,0.0,4,768.57,1281.3999999999999,192.14,0,4247,132013.8,32116.24,4.94
O119412,C17897,P206642,Beauty,2023-09-28,2023,9,September,3,2023-Q3,2023-09,39,Thursday,3,6.15,2,0.1,Low (1-10%),1,UPI,5,2.3,West,11.07,2.68,0.3,1,2.68,No,0,36,36-45,Male,3,1,Returning Customer,Low (<$50),2,47.23,3.15,4,11.81,0.0,3,51.379999999999995,1.6199999999999999,17.13,0,4103,153019.38,52717.43,3.78
O121980,C14078,P239438,Beauty,2023-09-28,2023,9,September,3,2023-Q3,2023-09,39,Thursday,3,24.53,1,0.0,No Discount,0,PayPal,7,5.16,East,24.53,5.88,1.44,1,5.88,No,0,48,46-55,Female,6,1,Frequent Customer,Low (<$50),1,24.53,1.44,1,24.53,0.0,6,500.01,376.37,83.34,0,4103,153019.38,52717.43,3.78
O113573,C12700,P222557,Fashion,2023-10-04,2023,10,October,4,2023-Q4,2023-10,40,Wednesday,2,69.56,4,0.05,Low (1-10%),1,COD,5,6.93,North,264.33,85.59,226.24,1,85.59,No,0,55,46-55,Female,6,1,Frequent Customer,Very High (>$200),1,264.33,226.24,4,66.08,0.0,6,1217.65,765.89,202.94,0,6254,471545.8,279933.9,8.28
O117298,C11801,P215451,Sports,2023-10-09,2023,10,October,4,2023-Q4,2023-10,41,Monday,0,32.33,1,0.05,Low (1-10%),1,Credit Card,4,4.26,Central,30.71,4.95,1.52,1,4.95,No,0,49,46-55,Male,4,1,Frequent Customer,Low (<$50),3,1036.74,2262.7799999999997,6,172.79,0.0,4,277.69000000000005,28.050000000000004,69.42,0,4171,629825.54,622956.31,4.94
O104589,C11996,P213440,Fashion,2023-10-09,2023,10,October,4,2023-Q4,2023-10,41,Monday,0,63.12,1,0.0,No Discount,0,Credit Card,5,5.83,South,63.12,16.26,10.26,1,16.26,No,0,46,46-55,Female,9,1,Frequent Customer,Medium ($50-$100),2,366.54,243.41,3,122.18,0.0,9,596.29,77.89,66.25,0,6254,471545.8,279933.9,8.28
O132987,C13502,P222901,Toys,2023-10-10,2023,10,October,4,2023-Q4,2023-10,41,Tuesday,1,14.62,1,0.05,Low (1-10%),1,Debit Card,4,3.1,South,13.89,2.46,0.34,1,2.46,No,0,31,26-35,Female,3,1,Returning Customer,Low (<$50),2,447.7,191.91,3,149.23,0.0,3,195.3,75.24,65.1,0,4247,132013.8,32116.24,4.94
O111660,C10355,P211951,Sports,2023-10-12,2023,10,October,4,2023-Q4,2023-10,41,Thursday,3,148.39,1,0.0,No Discount,0,UPI,5,5.92,South,148.39,38.6,57.28,1,38.6,No,0,35,26-35,Male,4,1,Frequent Customer,High ($100-$200),1,148.39,57.28,1,148.39,0.0,4,318.33,73.76,79.58,0,4171,629825.54,622956.31,4.94
O126558,C16535,P238274,Toys,2023-10-15,2023,10,October,4,2023-Q4,2023-10,41,Sunday,6,53.22,1,0.0,No Discount,0,COD,3,6.24,North,53.22,15.05,8.01,1,15.05,No,0,67,65+,Male,3,1,Returning Customer,Medium ($50-$100),3,328.75,250.18,8,41.09,0.0,3,93.3,10.700000000000001,31.1,0,4247,132013.8,32116.24,4.94
O130061,C10257,P216863,Home,2023-10-15,2023,10,October,4,2023-Q4,2023-10,41,Sunday,6,538.07,2,0.05,Low (1-10%),1,Debit Card,4,11.36,North,1022.33,274.89,2810.28,1,274.89,No,0,27,26-35,Female,3,1,Returning Customer,Very High (>$200),2,1134.92,2818.59,3,378.31,0.0,3,1135.95,2823.1200000000003,378.65,0,5487,1077681.52,1470821.78,5.65
O126308,C16558,P200412,Electronics,2023-10-17,2023,10,October,4,2023-Q4,2023-10,42,Tuesday,1,276.71,1,0.05,Low (1-10%),1,UPI,6,9.13,South,262.87,22.41,58.91,1,22.41,No,0,49,46-55,Female,5,1,Frequent Customer,Very High (>$200),2,632.01,184.86,3,210.67,0.0,5,1186.3400000000001,603.7099999999999,237.27,0,6180,3319206.5,5069715.22,7.3
O104749,C15827,P246342,Electronics,2023-10-30,2023,10,October,4,2023-Q4,2023-10,44,Monday,0,433.43,3,0.05,Low (1-10%),1,Credit Card,6,12.01,East,1235.28,136.22,1682.7,1,136.22,No,0,68,65+,Female,7,1,Frequent Customer,Very High (>$200),1,1235.28,1682.7,3,411.76,0.0,7,1384.57,1694.31,197.8,1,6180,3319206.5,5069715.22,7.3
O126856,C16385,P236582,Toys,2023-10-30,2023,10,October,4,2023-Q4,2023-10,44,Monday,0,11.17,1,0.1,Low (1-10%),1,Debit Card,4,3.4,Central,10.05,0.62,0.06,1,0.62,No,0,25,18-25,Female,4,1,Frequent Customer,Low (<$50),1,10.05,0.06,1,10.05,0.0,4,722.98,233.04999999999998,180.74,0,4247,132013.8,32116.24,4.94
O120249,C13232,P201895,Fashion,2023-10-30,2023,10,October,4,2023-Q4,2023-10,44,Monday,0,39.03,2,0.0,No Discount,0,Credit Card,6,5.55,East,78.06,21.77,16.99,1,21.77,No,0,57,56-65,Male,6,1,Frequent Customer,Medium ($50-$100),1,78.06,16.99,2,39.03,0.0,6,186.09,31.08,31.02,0,6254,471545.8,279933.9,8.28
O126813,C10178,P226314,Home,2023-11-01,2023,11,November,4,2023-Q4,2023-11,44,Wednesday,2,166.11,1,0.0,No Discount,0,Debit Card,5,7.07,South,166.11,39.44,65.51,1,39.44,No,0,24,18-25,Male,6,1,Frequent Customer,High ($100-$200),2,718.91,868.62,3,239.64,50.0,6,812.02,317.93,135.34,0,5487,1077681.52,1470821.78,5.65
O123157,C16511,P213777,Fashion,2023-11-03,2023,11,November,4,2023-Q4,2023-11,44,Friday,4,27.0,1,0.15,Medium (11-20%),1,UPI,5,4.19,West,22.95,3.84,0.88,1,3.84,No,0,28,26-35,Male,4,1,Frequent Customer,Low (<$50),1,22.95,0.88,1,22.95,0.0,4,62.56,-0.8699999999999999,15.64,0,6254,471545.8,279933.9,8.28
O134266,C12195,P225008,Home,2023-11-06,2023,11,November,4,2023-Q4,2023-11,45,Monday,0,390.23,1,0.05,Low (1-10%),1,PayPal,4,9.04,South,370.72,94.76,351.29,1,94.76,No,0,45,36-45,Female,3,1,Returning Customer,Very High (>$200),1,370.72,351.29,1,370.72,0.0,3,465.23,360.53000000000003,155.08,0,5487,1077681.52,1470821.78,5.65
O130332,C17612,P243675,Grocery,2023-11-06,2023,11,November,4,2023-Q4,2023-11,45,Monday,0,24.71,1,0.0,No Discount,0,Debit Card,7,5.68,East,24.71,-3.7,-0.91,0,-3.7,No,0,53,46-55,Male,6,1,Frequent Customer,Low (<$50),1,24.71,-0.91,1,24.71,0.0,6,2535.75,3849.14,422.62,1,4058,82000.51,-800.46,1.31
O115836,C16025,P232035,Electronics,2023-11-07,2023,11,November,4,2023-Q4,2023-11,45,Tuesday,1,191.89,1,0.05,Low (1-10%),1,Wallet,4,8.39,North,182.3,13.49,24.59,1,13.49,No,0,67,65+,Male,2,1,Returning Customer,High ($100-$200),5,666.58,880.99,9,74.06,0.0,2,311.69,60.81999999999999,155.84,0,6180,3319206.5,5069715.22,7.3
O115298,C10024,P213606,Beauty,2023-11-12,2023,11,November,4,2023-Q4,2023-11,45,Sunday,6,13.45,1,0.1,Low (1-10%),1,COD,5,2.57,East,12.1,2.88,0.35,1,2.88,No,0,26,26-35,Female,5,1,Frequent Customer,Low (<$50),3,162.20000000000002,44.33,3,54.07,0.0,5,237.69,63.04,47.54,1,4103,153019.38,52717.43,3.78
O100119,C16863,P214819,Fashion,2023-11-12,2023,11,November,4,2023-Q4,2023-11,45,Sunday,6,44.08,4,0.05,Low (1-10%),1,Wallet,8,7.43,Central,167.5,51.19,85.74,1,51.19,No,0,36,36-45,Female,2,1,Returning Customer,High ($100-$200),1,167.5,85.74,4,41.88,0.0,2,210.19,90.97999999999999,105.1,0,6254,471545.8,279933.9,8.28
O100061,C10646,P212937,Beauty,2023-11-13,2023,11,November,4,2023-Q4,2023-11,46,Monday,0,10.46,1,0.0,No Discount,0,Credit Card,4,3.14,North,10.46,1.57,0.16,1,1.57,No,0,25,18-25,Other,3,1,Returning Customer,Low (<$50),1,10.46,0.16,1,10.46,0.0,3,128.85,31.46,42.95,0,4103,153019.38,52717.43,3.78
O127807,C14806,P232996,Grocery,2023-11-17,2023,11,November,4,2023-Q4,2023-11,46,Friday,4,4.58,1,0.0,No Discount,0,Credit Card,4,1.64,Central,4.58,-1.27,-0.06,0,-1.27,No,0,29,26-35,Female,7,1,Frequent Customer,Low (<$50),3,236.53,33.949999999999996,4,59.13,0.0,7,1422.06,1092.49,203.15,0,4058,82000.51,-800.46,1.31
O118406,C16086,P205508,Home,2023-11-18,2023,11,November,4,2023-Q4,2023-11,46,Saturday,5,74.46,1,0.0,No Discount,0,Credit Card,4,5.58,North,74.46,15.27,11.37,1,15.27,No,0,63,56-65,Male,4,1,Frequent Customer,Medium ($50-$100),2,117.44999999999999,16.41,2,58.72,0.0,4,433.89,95.59,108.47,0,5487,1077681.52,1470821.78,5.65
O119189,C14052,P241108,Sports,2023-11-20,2023,11,November,4,2023-Q4,2023-11,47,Monday,0,28.48,1,0.05,Low (1-10%),1,Debit Card,3,4.3,Central,27.06,3.82,1.03,1,3.82,No,0,41,36-45,Male,4,1,Frequent Customer,Low (<$50),1,27.06,1.03,1,27.06,0.0,4,310.67,146.26000000000002,77.67,0,4171,629825.54,622956.31,4.94
O103874,C16052,P227492,Fashion,2023-11-25,2023,11,November,4,2023-Q4,2023-11,47,Saturday,5,166.85,1,0.0,No Discount,0,Credit Card,4,7.81,West,166.85,50.59,84.41,1,50.59,No,0,42,36-45,Male,4,1,Frequent Customer,High ($100-$200),2,348.03,109.74,2,174.02,0.0,4,321.38,125.86999999999999,80.34,0,6254,471545.8,279933.9,8.28
O131376,C10805,P214976,Fashion,2023-12-02,2023,12,December,4,2023-Q4,2023-12,48,Saturday,5,30.72,2,0.0,No Discount,0,Credit Card,5,6.67,East,61.44,14.83,9.11,1,14.83,No,0,32,26-35,Female,5,1,Frequent Customer,Medium ($50-$100),1,61.44,9.11,2,30.72,0.0,5,188.53,11.62,37.71,0,6254,471545.8,279933.9,8.28
O102310,C17059,P227937,Fashion,2023-12-02,2023,12,December,4,2023-Q4,2023-12,48,Saturday,5,12.99,2,0.15,Medium (11-20%),1,PayPal,4,5.09,West,22.08,2.64,0.58,1,2.64,No,0,48,46-55,Male,4,1,Frequent Customer,Low (<$50),1,22.08,0.58,2,11.04,0.0,4,257.88,100.08,64.47,0,6254,471545.8,279933.9,8.28
O108525,C16340,P220402,Home,2023-12-03,2023,12,December,4,2023-Q4,2023-12,48,Sunday,6,11.2,1,0.0,No Discount,0,Debit Card,3,2.44,North,11.2,0.7,0.08,1,0.7,No,0,59,56-65,Male,4,1,Frequent Customer,Low (<$50),3,107.06,10.46,3,35.69,33.33,4,126.27000000000001,12.75,31.57,0,5487,1077681.52,1470821.78,5.65
O101483,C10950,P201947,Electronics,2023-12-03,2023,12,December,4,2023-Q4,2023-12,48,Sunday,6,607.11,1,0.0,No Discount,0,Credit Card,4,9.1,South,607.11,63.75,387.03,1,63.75,No,0,60,56-65,Male,4,1,Frequent Customer,Very High (>$200),1,607.11,387.03,1,607.11,0.0,4,754.23,395.53999999999996,188.56,0,6180,3319206.5,5069715.22,7.3
O128079,C15929,P247356,Toys,2023-12-10,2023,12,December,4,2023-Q4,2023-12,49,Sunday,6,13.86,1,0.0,No Discount,0,PayPal,4,3.63,Central,13.86,1.91,0.26,1,1.91,No,0,25,18-25,Female,4,1,Frequent Customer,Low (<$50),3,183.61999999999998,21.36,3,61.21,0.0,4,823.5600000000001,312.84,205.89,0,4247,132013.8,32116.24,4.94
O131413,C11976,P214852,Grocery,2023-12-11,2023,12,December,4,2023-Q4,2023-12,50,Monday,0,5.87,1,0.2,Medium (11-20%),1,Debit Card,4,2.41,South,4.7,-2.03,-0.1,0,-2.03,No,0,69,65+,Male,6,1,Frequent Customer,Low (<$50),3,744.57,1529.2600000000002,7,106.37,0.0,6,452.62,168.79000000000002,75.44,2,4058,82000.51,-800.46,1.31
O113793,C17513,P221526,Sports,2023-12-12,2023,12,December,4,2023-Q4,2023-12,50,Tuesday,1,99.42,2,0.0,No Discount,0,Debit Card,6,8.5,South,198.84,51.15,101.71,1,51.15,No,0,43,36-45,Male,5,1,Frequent Customer,High ($100-$200),2,241.91,104.78999999999999,3,80.64,0.0,5,853.0799999999999,690.1600000000001,170.62,0,4171,629825.54,622956.31,4.94
O133405,C12882,P214899,Electronics,2023-12-13,2023,12,December,4,2023-Q4,2023-12,50,Wednesday,2,186.72,1,0.2,Medium (11-20%),1,Credit Card,5,6.47,South,149.38,11.46,17.12,1,11.46,No,0,66,65+,Female,4,1,Frequent Customer,High ($100-$200),1,149.38,17.12,1,149.38,0.0,4,800.03,550.33,200.01,0,6180,3319206.5,5069715.22,7.3
O132432,C15676,P200085,Grocery,2023-12-14,2023,12,December,4,2023-Q4,2023-12,50,Thursday,3,4.95,1,0.0,No Discount,0,Debit Card,4,0.85,North,4.95,-0.45,-0.02,0,-0.45,No,0,53,46-55,Male,2,1,Returning Customer,Low (<$50),1,4.95,-0.02,1,4.95,0.0,2,165.63,75.93,82.82,0,4058,82000.51,-800.46,1.31
O110869,C17206,P200958,Electronics,2023-12-14,2023,12,December,4,2023-Q4,2023-12,50,Thursday,3,1002.13,2,0.1,Low (1-10%),1,PayPal,5,9.72,East,1803.83,206.74,3729.24,1,206.74,No,0,54,46-55,Male,10,1,Frequent Customer,Very High (>$200),1,1803.83,3729.24,2,901.92,0.0,10,2974.7599999999998,4469.95,297.48,0,6180,3319206.5,5069715.22,7.3
O112592,C17546,P216921,Fashion,2023-12-15,2023,12,December,4,2023-Q4,2023-12,50,Friday,4,49.59,1,0.0,No Discount,0,COD,6,5.28,Central,49.59,12.08,5.99,1,12.08,No,0,62,56-65,Female,7,1,Frequent Customer,Low (<$50),2,76.60000000000001,7.61,2,38.3,0.0,7,867.82,390.31,123.97,0,6254,471545.8,279933.9,8.28
O108288,C14355,P204502,Electronics,2023-12-16,2023,12,December,4,2023-Q4,2023-12,50,Saturday,5,207.06,5,0.2,Medium (11-20%),1,Credit Card,3,11.55,Central,828.24,87.84,727.53,1,87.84,No,0,68,65+,Female,6,1,Frequent Customer,Very High (>$200),3,924.72,760.23,8,115.59,0.0,6,1231.83,812.31,205.3,0,6180,3319206.5,5069715.22,7.3
O118720,C13535,P243152,Toys,2023-12-18,2023,12,December,4,2023-Q4,2023-12,51,Monday,0,20.34,1,0.1,Low (1-10%),1,Credit Card,4,4.88,West,18.31,2.44,0.45,1,2.44,No,0,46,46-55,Male,6,1,Frequent Customer,Low (<$50),1,18.31,0.45,1,18.31,0.0,6,263.8,31.85,43.97,0,4247,132013.8,32116.24,4.94
O107801,C15901,P248011,Beauty,2023-12-25,2023,12,December,4,2023-Q4,2023-12,52,Monday,0,46.74,3,0.0,No Discount,0,COD,7,8.37,East,140.22,54.73,76.74,1,54.73,No,0,30,26-35,Female,8,1,Frequent Customer,High ($100-$200),1,140.22,76.74,3,46.74,0.0,8,777.84,298.11999999999995,97.23,1,4103,153019.38,52717.43,3.78
O134067,C16588,P209015,Electronics,2023-12-28,2023,12,December,4,2023-Q4,2023-12,52,Thursday,3,110.89,1,0.2,Medium (11-20%),1,PayPal,4,5.16,South,88.71,5.49,4.87,1,5.49,No,0,48,46-55,Male,7,1,Frequent Customer,Medium ($50-$100),1,88.71,4.87,1,88.71,0.0,7,263.12,21.89,37.59,0,6180,3319206.5,5069715.22,7.3
O121415,C17556,P234027,Grocery,2024-01-02,2024,1,January,1,2024-Q1,2024-01,1,Tuesday,1,15.92,1,0.0,No Discount,0,Credit Card,6,2.38,East,15.92,-1.11,-0.18,0,-1.11,No,0,54,46-55,Female,7,1,Frequent Customer,Low (<$50),1,15.92,-0.18,1,15.92,0.0,7,1599.96,1304.71,228.57,2,4058,82000.51,-800.46,1.31
O123133,C11688,P216436,Beauty,2024-01-02,2024,1,January,1,2024-Q1,2024-01,1,Tuesday,1,41.44,1,0.1,Low (1-10%),1,Debit Card,6,7.05,East,37.3,9.74,3.63,1,9.74,No,0,58,56-65,Female,4,1,Frequent Customer,Low (<$50),1,37.3,3.63,1,37.3,0.0,4,402.8,152.47,100.7,0,4103,153019.38,52717.43,3.78
O114702,C10690,P217677,Sports,2024-01-03,2024,1,January,1,2024-Q1,2024-01,1,Wednesday,2,110.11,1,0.0,No Discount,0,PayPal,6,7.14,East,110.11,25.89,28.51,1,25.89,No,0,38,36-45,Male,5,1,Frequent Customer,High ($100-$200),1,110.11,28.51,1,110.11,0.0,5,1230.5,975.61,246.1,1,4171,629825.54,622956.31,4.94
O124261,C11080,P232855,Home,2024-01-06,2024,1,January,1,2024-Q1,2024-01,1,Saturday,5,42.27,5,0.0,No Discount,0,Credit Card,4,8.16,South,211.35,51.02,107.83,1,51.02,No,0,51,46-55,Male,5,1,Frequent Customer,Very High (>$200),1,211.35,107.83,5,42.27,0.0,5,440.19,170.54,88.04,1,5487,1077681.52,1470821.78,5.65
O132612,C13297,P239895,Beauty,2024-01-06,2024,1,January,1,2024-Q1,2024-01,1,Saturday,5,9.41,1,0.15,Medium (11-20%),1,Credit Card,7,3.4,West,8.0,0.2,0.02,1,0.2,No,0,62,56-65,Female,4,1,Frequent Customer,Low (<$50),1,8.0,0.02,1,8.0,0.0,4,412.33,309.19,103.08,0,4103,153019.38,52717.43,3.78
O127165,C10172,P216403,Toys,2024-01-12,2024,1,January,1,2024-Q1,2024-01,2,Friday,4,31.18,1,0.0,No Discount,0,COD,6,5.13,East,31.18,7.34,2.29,1,7.34,No,0,50,46-55,Female,2,1,Returning Customer,Low (<$50),2,75.91,8.29,2,37.96,0.0,2,85.03,0.81,42.52,0,4247,132013.8,32116.24,4.94
O115482,C13958,P221858,Fashion,2024-01-13,2024,1,January,1,2024-Q1,2024-01,2,Saturday,5,41.13,1,0.0,No Discount,0,Credit Card,4,5.78,North,41.13,8.62,3.55,1,8.62,No,0,28,26-35,Male,4,1,Frequent Customer,Low (<$50),1,41.13,3.55,1,41.13,0.0,4,222.22999999999996,17.34,55.56,1,6254,471545.8,279933.9,8.28
O104308,C14249,P218757,Electronics,2024-01-13,2024,1,January,1,2024-Q1,2024-01,2,Saturday,5,411.41,1,0.0,No Discount,0,Debit Card,4,9.8,West,411.41,39.57,162.79,1,39.57,No,0,28,26-35,Male,3,1,Returning Customer,Very High (>$200),2,473.45000000000005,174.57999999999998,2,236.73,0.0,3,628.94,280.13,209.65,0,6180,3319206.5,5069715.22,7.3
O111680,C10392,P225136,Home,2024-01-13,2024,1,January,1,2024-Q1,2024-01,2,Saturday,5,129.82,2,0.0,No Discount,0,Credit Card,5,8.79,East,259.64,63.91,165.94,1,63.91,No,0,35,26-35,Male,9,1,Frequent Customer,Very High (>$200),1,259.64,165.94,2,129.82,0.0,9,743.29,222.49,82.59,0,5487,1077681.52,1470821.78,5.65
O125297,C15360,P215195,Home,2024-01-23,2024,1,January,1,2024-Q1,2024-01,4,Tuesday,1,21.99,1,0.1,Low (1-10%),1,Credit Card,5,5.94,South,19.79,-0.4,-0.08,0,-0.4,No,0,30,26-35,Male,4,1,Frequent Customer,Low (<$50),1,19.79,-0.08,1,19.79,0.0,4,151.64,9.83,37.91,0,5487,1077681.52,1470821.78,5.65
O101837,C14683,P207145,Sports,2024-01-24,2024,1,January,1,2024-Q1,2024-01,4,Wednesday,2,200.04,1,0.0,No Discount,0,Credit Card,4,6.75,North,200.04,53.26,106.54,1,53.26,No,0,51,46-55,Female,8,1,Frequent Customer,Very High (>$200),1,200.04,106.54,1,200.04,0.0,8,1226.3,783.0,153.29,0,4171,629825.54,622956.31,4.94
O116921,C15228,P249770,Grocery,2024-01-25,2024,1,January,1,2024-Q1,2024-01,4,Thursday,3,25.28,1,0.0,No Discount,0,Credit Card,3,5.15,North,25.28,-3.13,-0.79,0,-3.13,No,0,28,26-35,Female,3,1,Returning Customer,Low (<$50),1,25.28,-0.79,1,25.28,0.0,3,87.32,6.3100000000000005,29.11,0,4058,82000.51,-800.46,1.31
O129470,C15350,P242284,Fashion,2024-01-26,2024,1,January,1,2024-Q1,2024-01,4,Friday,4,18.51,2,0.0,No Discount,0,Debit Card,6,4.1,East,37.02,8.86,3.28,1,8.86,No,0,18,18-25,Male,6,1,Frequent Customer,Low (<$50),1,37.02,3.28,2,18.51,0.0,6,1012.27,633.63,168.71,0,6254,471545.8,279933.9,8.28
O102213,C15233,P248978,Home,2024-01-26,2024,1,January,1,2024-Q1,2024-01,4,Friday,4,39.27,1,0.0,No Discount,0,PayPal,5,6.64,East,39.27,4.36,1.71,1,4.36,No,0,45,36-45,Male,4,1,Frequent Customer,Low (<$50),3,315.35,127.38,5,63.07,0.0,4,277.94,55.85,69.48,0,5487,1077681.52,1470821.78,5.65
O111734,C10012,P228845,Electronics,2024-01-29,2024,1,January,1,2024-Q1,2024-01,5,Monday,0,914.95,1,0.05,Low (1-10%),1,Credit Card,3,10.11,North,869.2,94.19,818.7,1,94.19,No,0,36,36-45,Male,5,1,Frequent Customer,Very High (>$200),2,951.24,831.88,2,475.62,0.0,5,1801.64,1568.5800000000002,360.33,0,6180,3319206.5,5069715.22,7.3
O101000,C11015,P201473,Beauty,2024-02-01,2024,2,February,1,2024-Q1,2024-02,5,Thursday,3,3.18,1,0.1,Low (1-10%),1,Debit Card,4,2.85,South,2.86,-1.56,-0.04,0,-1.56,No,0,39,36-45,Female,6,1,Frequent Customer,Low (<$50),1,2.86,-0.04,1,2.86,0.0,6,545.57,212.72,90.93,2,4103,153019.38,52717.43,3.78
O113670,C13432,P208061,Fashion,2024-02-04,2024,2,February,1,2024-Q1,2024-02,5,Sunday,6,137.33,1,0.0,No Discount,0,Credit Card,5,5.23,West,137.33,42.84,58.83,1,42.84,Yes,1,47,46-55,Male,5,1,Frequent Customer,High ($100-$200),3,423.6,89.22,3,141.2,33.33,5,2063.62,2742.25,412.72,1,6254,471545.8,279933.9,8.28
O109728,C17067,P242533,Beauty,2024-02-05,2024,2,February,1,2024-Q1,2024-02,6,Monday,0,16.36,4,0.0,No Discount,0,PayPal,4,7.1,South,65.44,22.35,14.63,1,22.35,No,0,48,46-55,Female,3,1,Returning Customer,Medium ($50-$100),1,65.44,14.63,4,16.36,0.0,3,639.64,268.73,213.21,0,4103,153019.38,52717.43,3.78
O101240,C14580,P235606,Fashion,2024-02-13,2024,2,February,1,2024-Q1,2024-02,7,Tuesday,1,109.35,1,0.05,Low (1-10%),1,Wallet,3,7.6,Central,103.88,28.76,29.88,1,28.76,Yes,1,18,18-25,Female,1,0,New Customer,High ($100-$200),1,103.88,29.88,1,103.88,100.0,1,103.88,29.88,103.88,1,6254,471545.8,279933.9,8.28
O116145,C16046,P215014,Electronics,2024-02-14,2024,2,February,1,2024-Q1,2024-02,7,Wednesday,2,548.42,1,0.0,No Discount,0,Wallet,7,9.04,East,548.42,56.77,311.34,1,56.77,No,0,69,65+,Male,3,1,Returning Customer,Very High (>$200),2,561.87,311.38,2,280.94,0.0,3,631.53,325.29999999999995,210.51,0,6180,3319206.5,5069715.22,7.3
O130424,C15163,P238205,Home,2024-02-15,2024,2,February,1,2024-Q1,2024-02,7,Thursday,3,20.1,1,0.0,No Discount,0,Credit Card,5,4.8,Central,20.1,0.83,0.17,1,0.83,No,0,28,26-35,Female,5,1,Frequent Customer,Low (<$50),2,97.85,0.04000000000000001,6,16.31,0.0,5,332.15,179.63,66.43,1,5487,1077681.52,1470821.78,5.65
O114948,C11503,P236295,Grocery,2024-02-17,2024,2,February,1,2024-Q1,2024-02,7,Saturday,5,2.81,1,0.1,Low (1-10%),1,Credit Card,3,3.73,Central,2.53,-3.53,-0.09,0,-3.53,No,0,34,26-35,Male,3,1,Returning Customer,Low (<$50),1,2.53,-0.09,1,2.53,0.0,3,163.22,27.869999999999997,54.41,0,4058,82000.51,-800.46,1.31
O129584,C14460,P204326,Grocery,2024-02-17,2024,2,February,1,2024-Q1,2024-02,7,Saturday,5,21.17,4,0.1,Low (1-10%),1,UPI,3,6.04,North,76.21,0.06,0.05,1,0.06,No,0,44,36-45,Male,5,1,Frequent Customer,Medium ($50-$100),1,76.21,0.05,4,19.05,0.0,5,3669.5299999999997,10379.08,733.91,0,4058,82000.51,-800.46,1.31
O115594,C14292,P203373,Fashion,2024-02-18,2024,2,February,1,2024-Q1,2024-02,7,Sunday,6,8.32,2,0.2,Medium (11-20%),1,COD,5,3.18,West,13.31,1.48,0.2,1,1.48,No,0,25,18-25,Male,2,1,Returning Customer,Low (<$50),1,13.31,0.2,2,6.66,0.0,2,66.1,0.31,33.05,0,6254,471545.8,279933.9,8.28
O102731,C10575,P227535,Sports,2024-02-21,2024,2,February,1,2024-Q1,2024-02,8,Wednesday,2,25.8,1,0.0,No Discount,0,PayPal,6,4.05,East,25.8,3.69,0.95,1,3.69,No,0,54,46-55,Male,6,1,Frequent Customer,Low (<$50),1,25.8,0.95,1,25.8,0.0,6,1122.69,522.5899999999999,187.12,1,4171,629825.54,622956.31,4.94
O117437,C12072,P243338,Beauty,2024-02-22,2024,2,February,1,2024-Q1,2024-02,8,Thursday,3,10.77,1,0.0,No Discount,0,Debit Card,4,5.42,South,10.77,-0.57,-0.06,0,-0.57,No,0,42,36-45,Male,6,1,Frequent Customer,Low (<$50),1,10.77,-0.06,1,10.77,0.0,6,709.1,879.19,118.18,0,4103,153019.38,52717.43,3.78
O112014,C16261,P234842,Grocery,2024-03-02,2024,3,March,1,2024-Q1,2024-03,9,Saturday,5,5.78,3,0.0,No Discount,0,Debit Card,4,3.63,West,17.34,-2.24,-0.39,0,-2.24,No,0,58,56-65,Female,6,1,Frequent Customer,Low (<$50),3,128.3,23.689999999999998,5,25.66,0.0,6,847.98,256.5,141.33,0,4058,82000.51,-800.46,1.31
O128994,C14326,P212157,Home,2024-03-05,2024,3,March,1,2024-Q1,2024-03,10,Tuesday,1,90.23,1,0.0,No Discount,0,COD,7,5.0,West,90.23,20.26,18.28,1,20.26,No,0,46,46-55,Other,6,1,Frequent Customer,Medium ($50-$100),1,90.23,18.28,1,90.23,0.0,6,309.94,64.12,51.66,0,5487,1077681.52,1470821.78,5.65
O129216,C11244,P247970,Fashion,2024-03-10,2024,3,March,1,2024-Q1,2024-03,10,Sunday,6,55.81,4,0.0,No Discount,0,PayPal,3,8.06,Central,223.24,70.07,156.42,1,70.07,No,0,32,26-35,Male,8,1,Frequent Customer,Very High (>$200),1,223.24,156.42,4,55.81,0.0,8,2380.68,2916.01,297.58,0,6254,471545.8,279933.9,8.28
O104750,C10785,P229966,Beauty,2024-03-11,2024,3,March,1,2024-Q1,2024-03,11,Monday,0,20.68,3,0.1,Low (1-10%),1,Debit Card,4,6.72,Central,55.84,18.41,10.28,1,18.41,Yes,1,52,46-55,Female,5,1,Frequent Customer,Medium ($50-$100),2,83.78,12.329999999999998,4,20.94,50.0,5,2619.1,7236.049999999999,523.82,1,4103,153019.38,52717.43,3.78
O104160,C15854,P215453,Beauty,2024-03-11,2024,3,March,1,2024-Q1,2024-03,11,Monday,0,78.35,1,0.0,No Discount,0,Credit Card,4,6.41,Central,78.35,28.85,22.6,1,28.85,No,0,34,26-35,Other,5,1,Frequent Customer,Medium ($50-$100),1,78.35,22.6,1,78.35,0.0,5,380.77,56.18,76.15,0,4103,153019.38,52717.43,3.78
O106334,C16473,P206786,Toys,2024-03-11,2024,3,March,1,2024-Q1,2024-03,11,Monday,0,4.62,1,0.05,Low (1-10%),1,Debit Card,5,3.06,South,4.39,-1.3,-0.06,0,-1.3,No,0,45,36-45,Male,5,1,Frequent Customer,Low (<$50),1,4.39,-0.06,1,4.39,0.0,5,403.34999999999997,178.77,80.67,0,4247,132013.8,32116.24,4.94
O111917,C17193,P237515,Sports,2024-03-19,2024,3,March,1,2024-Q1,2024-03,12,Tuesday,1,25.45,1,0.0,No Discount,0,Credit Card,3,6.3,Central,25.45,1.34,0.34,1,1.34,No,0,69,65+,Female,5,1,Frequent Customer,Low (<$50),1,25.45,0.34,1,25.45,0.0,5,669.14,199.19,133.83,0,4171,629825.54,622956.31,4.94
O111960,C13538,P208839,Beauty,2024-03-20,2024,3,March,1,2024-Q1,2024-03,12,Wednesday,2,33.69,1,0.0,No Discount,0,Debit Card,5,5.77,East,33.69,9.39,3.16,1,9.39,No,0,47,46-55,Female,5,1,Frequent Customer,Low (<$50),1,33.69,3.16,1,33.69,0.0,5,124.0,4.91,24.8,0,4103,153019.38,52717.43,3.78
O101590,C16030,P248586,Electronics,2024-03-22,2024,3,March,1,2024-Q1,2024-03,12,Friday,4,88.12,3,0.0,No Discount,0,Credit Card,4,10.12,West,264.36,21.6,57.1,1,21.6,No,0,43,36-45,Male,7,1,Frequent Customer,Very High (>$200),1,264.36,57.1,3,88.12,0.0,7,590.9300000000001,155.9,84.42,0,6180,3319206.5,5069715.22,7.3
O128644,C13251,P226176,Sports,2024-03-25,2024,3,March,1,2024-Q1,2024-03,13,Monday,0,330.52,1,0.0,No Discount,0,Credit Card,6,11.1,East,330.52,88.06,291.06,1,88.06,Yes,1,34,26-35,Female,4,1,Frequent Customer,Very High (>$200),1,330.52,291.06,1,330.52,100.0,4,399.74,290.20000000000005,99.94,1,4171,629825.54,622956.31,4.94
O130791,C13705,P244689,Toys,2024-03-26,2024,3,March,1,2024-Q1,2024-03,13,Tuesday,1,8.47,1,0.0,No Discount,0,COD,6,4.98,North,8.47,-1.59,-0.13,0,-1.59,No,0,51,46-55,Male,4,1,Frequent Customer,Low (<$50),2,18.43,-0.020000000000000004,2,9.22,0.0,4,285.34000000000003,86.51,71.34,1,4247,132013.8,32116.24,4.94
O126922,C13044,P221655,Fashion,2024-03-26,2024,3,March,1,2024-Q1,2024-03,13,Tuesday,1,46.42,1,0.05,Low (1-10%),1,Credit Card,4,5.08,Central,44.1,10.35,4.56,1,10.35,Yes,1,27,26-35,Male,7,1,Frequent Customer,Low (<$50),2,90.27000000000001,10.14,2,45.14,50.0,7,203.9,18.89,29.13,1,6254,471545.8,279933.9,8.28
O125201,C16532,P213806,Grocery,2024-03-27,2024,3,March,1,2024-Q1,2024-03,13,Wednesday,2,6.25,1,0.1,Low (1-10%),1,COD,3,1.25,North,5.62,-0.8,-0.04,0,-0.8,No,0,20,18-25,Female,3,1,Returning Customer,Low (<$50),2,149.67000000000002,63.57,6,24.95,0.0,3,267.9,112.71000000000001,89.3,0,4058,82000.51,-800.46,1.31
O101339,C15764,P226690,Sports,2024-04-02,2024,4,April,2,2024-Q2,2024-04,14,Tuesday,1,308.05,1,0.2,Medium (11-20%),1,UPI,5,8.95,Central,246.44,64.98,160.14,1,64.98,No,0,50,46-55,Male,5,1,Frequent Customer,Very High (>$200),2,390.89,205.70999999999998,4,97.72,0.0,5,729.75,436.34,145.95,0,4171,629825.54,622956.31,4.94
O107781,C15182,P225673,Fashion,2024-04-04,2024,4,April,2,2024-Q2,2024-04,14,Thursday,3,7.51,1,0.1,Low (1-10%),1,COD,3,3.79,North,6.76,-1.42,-0.1,0,-1.42,No,0,23,18-25,Female,5,1,Frequent Customer,Low (<$50),1,6.76,-0.1,1,6.76,0.0,5,581.89,828.4,116.38,0,6254,471545.8,279933.9,8.28
O118162,C11487,P236123,Grocery,2024-04-04,2024,4,April,2,2024-Q2,2024-04,14,Thursday,3,13.89,2,0.3,High (>20%),1,UPI,6,3.94,East,19.45,-2.38,-0.46,0,-2.38,No,0,27,26-35,Female,3,1,Returning Customer,Low (<$50),3,726.12,491.5,4,181.53,33.33,3,184.49,35.65,61.5,0,4058,82000.51,-800.46,1.31
O116926,C12322,P227177,Fashion,2024-04-06,2024,4,April,2,2024-Q2,2024-04,14,Saturday,5,46.38,1,0.0,No Discount,0,Credit Card,4,6.32,West,46.38,9.91,4.6,1,9.91,No,0,68,65+,Male,7,1,Frequent Customer,Low (<$50),2,84.09,7.279999999999999,2,42.04,0.0,7,718.04,575.2499999999999,102.58,1,6254,471545.8,279933.9,8.28
O128574,C14340,P217507,Fashion,2024-04-10,2024,4,April,2,2024-Q2,2024-04,15,Wednesday,2,117.84,3,0.0,No Discount,0,Debit Card,5,10.52,West,353.52,113.21,400.22,1,113.21,No,0,59,56-65,Female,7,1,Frequent Customer,Very High (>$200),2,369.44,400.57000000000005,4,92.36,0.0,7,934.5699999999999,540.4300000000001,133.51,0,6254,471545.8,279933.9,8.28
O106933,C14126,P215637,Beauty,2024-04-10,2024,4,April,2,2024-Q2,2024-04,15,Wednesday,2,14.22,3,0.0,No Discount,0,COD,4,5.04,South,42.66,14.16,6.04,1,14.16,No,0,59,56-65,Female,7,1,Frequent Customer,Low (<$50),3,104.67999999999999,6.7,7,14.95,0.0,7,595.54,232.67,85.08,2,4103,153019.38,52717.43,3.78
O117998,C10521,P234539,Electronics,2024-04-13,2024,4,April,2,2024-Q2,2024-04,15,Saturday,5,352.18,1,0.05,Low (1-10%),1,Debit Card,3,8.4,North,334.57,31.75,106.23,1,31.75,No,0,66,65+,Male,6,1,Frequent Customer,Very High (>$200),1,334.57,106.23,1,334.57,0.0,6,1039.33,578.36,173.22,0,6180,3319206.5,5069715.22,7.3
O103282,C17373,P224055,Fashion,2024-04-14,2024,4,April,2,2024-Q2,2024-04,15,Sunday,6,32.63,1,0.0,No Discount,0,Debit Card,4,4.61,Central,32.63,6.81,2.22,1,6.81,No,0,56,56-65,Male,4,1,Frequent Customer,Low (<$50),4,278.45,28.15,5,55.69,0.0,4,84.51,0.8500000000000002,21.13,0,6254,471545.8,279933.9,8.28
O115277,C11258,P211176,Sports,2024-04-14,2024,4,April,2,2024-Q2,2024-04,15,Sunday,6,202.17,1,0.0,No Discount,0,COD,4,8.87,North,202.17,51.78,104.68,1,51.78,No,0,40,36-45,Male,4,1,Frequent Customer,Very High (>$200),1,202.17,104.68,1,202.17,0.0,4,558.0899999999999,183.76,139.52,0,4171,629825.54,622956.31,4.94
O131784,C12727,P205105,Home,2024-04-14,2024,4,April,2,2024-Q2,2024-04,15,Sunday,6,47.53,1,0.2,Medium (11-20%),1,Credit Card,4,5.24,Central,38.02,5.41,2.06,1,5.41,No,0,24,18-25,Male,4,1,Frequent Customer,Low (<$50),1,38.02,2.06,1,38.02,0.0,4,315.88,185.17,78.97,0,5487,1077681.52,1470821.78,5.65
O120747,C11571,P215031,Home,2024-04-17,2024,4,April,2,2024-Q2,2024-04,16,Wednesday,2,227.4,1,0.2,Medium (11-20%),1,PayPal,5,6.55,South,181.92,44.39,80.75,1,44.39,No,0,49,46-55,Male,7,1,Frequent Customer,High ($100-$200),2,220.77999999999997,84.63,2,110.39,0.0,7,659.77,188.95999999999998,94.25,0,5487,1077681.52,1470821.78,5.65
O125949,C14800,P232598,Home,2024-04-22,2024,4,April,2,2024-Q2,2024-04,17,Monday,0,188.02,1,0.3,High (>20%),1,Credit Card,7,6.99,West,131.61,29.86,39.3,1,29.86,No,0,39,36-45,Female,5,1,Frequent Customer,High ($100-$200),1,131.61,39.3,1,131.61,0.0,5,386.28000000000003,94.32,77.26,0,5487,1077681.52,1470821.78,5.65
O116976,C13029,P223700,Toys,2024-05-01,2024,5,May,2,2024-Q2,2024-05,18,Wednesday,2,31.34,2,0.0,No Discount,0,Debit Card,3,5.9,Central,62.68,19.17,12.02,1,19.17,Yes,1,28,26-35,Other,7,1,Frequent Customer,Medium ($50-$100),2,69.24,11.68,3,23.08,100.0,7,464.05999999999995,194.57999999999998,66.29,1,4247,132013.8,32116.24,4.94
O125409,C15151,P211026,Toys,2024-05-06,2024,5,May,2,2024-Q2,2024-05,19,Monday,0,19.75,1,0.0,No Discount,0,Debit Card,4,4.81,West,19.75,3.09,0.61,1,3.09,No,0,58,56-65,Female,5,1,Frequent Customer,Low (<$50),1,19.75,0.61,1,19.75,0.0,5,476.09000000000003,70.73,95.22,1,4247,132013.8,32116.24,4.94
O119316,C15150,P215459,Fashion,2024-05-08,2024,5,May,2,2024-Q2,2024-05,19,Wednesday,2,71.48,2,0.0,No Discount,0,COD,4,6.93,North,142.96,43.11,61.63,1,43.11,No,0,65,56-65,Female,6,1,Frequent Customer,High ($100-$200),2,373.40999999999997,191.56,3,124.47,0.0,6,731.29,231.44,121.88,0,6254,471545.8,279933.9,8.28
O121117,C11643,P237460,Toys,2024-05-09,2024,5,May,2,2024-Q2,2024-05,19,Thursday,3,3.75,4,0.0,No Discount,0,Credit Card,4,2.55,South,15.0,3.45,0.52,1,3.45,No,0,69,65+,Female,4,1,Frequent Customer,Low (<$50),1,15.0,0.52,4,3.75,0.0,4,1136.8400000000001,1239.6,284.21,0,4247,132013.8,32116.24,4.94
O113867,C13036,P216095,Sports,2024-05-10,2024,5,May,2,2024-Q2,2024-05,19,Friday,4,25.8,1,0.05,Low (1-10%),1,Wallet,4,4.68,Central,24.51,2.67,0.65,1,2.67,No,0,63,56-65,Male,6,1,Frequent Customer,Low (<$50),1,24.51,0.65,1,24.51,0.0,6,335.64,51.349999999999994,55.94,0,4171,629825.54,622956.31,4.94
O101092,C17871,P215963,Electronics,2024-05-10,2024,5,May,2,2024-Q2,2024-05,19,Friday,4,344.21,3,0.05,Low (1-10%),1,Credit Card,6,10.76,West,981.0,106.96,1049.28,1,106.96,No,0,19,18-25,Female,5,1,Frequent Customer,Very High (>$200),2,1060.72,1063.49,4,265.18,50.0,5,1183.11,1077.1399999999999,236.62,0,6180,3319206.5,5069715.22,7.3
O117553,C11609,P214931,Toys,2024-05-11,2024,5,May,2,2024-Q2,2024-05,19,Saturday,5,7.63,4,0.0,No Discount,0,Credit Card,4,4.63,North,30.52,7.58,2.31,1,7.58,No,0,45,36-45,Male,2,1,Returning Customer,Low (<$50),1,30.52,2.31,4,7.63,0.0,2,64.92,2.3000000000000003,32.46,0,4247,132013.8,32116.24,4.94
O118188,C12369,P234232,Sports,2024-05-15,2024,5,May,2,2024-Q2,2024-05,20,Wednesday,2,30.89,1,0.15,Medium (11-20%),1,Credit Card,3,6.83,Central,26.26,1.05,0.28,1,1.05,No,0,61,56-65,Male,6,1,Frequent Customer,Low (<$50),2,91.7,7.62,5,18.34,0.0,6,150.26999999999998,6.19,25.04,0,4171,629825.54,622956.31,4.94
O106482,C17291,P207178,Beauty,2024-05-15,2024,5,May,2,2024-Q2,2024-05,20,Wednesday,2,11.39,1,0.2,Medium (11-20%),1,Debit Card,4,4.58,South,9.11,-0.48,-0.04,0,-0.48,No,0,42,36-45,Female,3,1,Returning Customer,Low (<$50),1,9.11,-0.04,1,9.11,0.0,3,39.04,-0.53,13.01,1,4103,153019.38,52717.43,3.78
O105201,C12016,P234604,Sports,2024-05-19,2024,5,May,2,2024-Q2,2024-05,20,Sunday,6,94.95,1,0.0,No Discount,0,UPI,4,5.39,West,94.95,23.1,21.93,1,23.1,No,0,33,26-35,Female,4,1,Frequent Customer,Medium ($50-$100),2,123.19,23.169999999999998,2,61.6,0.0,4,368.13,58.07,92.03,0,4171,629825.54,622956.31,4.94
O100926,C15778,P220970,Electronics,2024-05-19,2024,5,May,2,2024-Q2,2024-05,20,Sunday,6,537.82,5,0.0,No Discount,0,Credit Card,7,11.7,West,2689.1,310.99,8362.83,1,310.99,No,0,31,26-35,Female,5,1,Frequent Customer,Very High (>$200),1,2689.1,8362.83,5,537.82,0.0,5,2855.41,8411.43,571.08,0,6180,3319206.5,5069715.22,7.3
O109273,C14897,P238627,Toys,2024-05-23,2024,5,May,2,2024-Q2,2024-05,21,Thursday,3,15.46,1,0.15,Medium (11-20%),1,Credit Card,5,3.72,East,13.14,1.54,0.2,1,1.54,No,0,30,26-35,Male,8,1,Frequent Customer,Low (<$50),1,13.14,0.2,1,13.14,0.0,8,992.5200000000001,628.53,124.07,0,4247,132013.8,32116.24,4.94
O131139,C13879,P244626,Home,2024-05-23,2024,5,May,2,2024-Q2,2024-05,21,Thursday,3,265.59,1,0.0,No Discount,0,Debit Card,6,10.56,East,265.59,63.81,169.47,1,63.81,No,0,44,36-45,Female,5,1,Frequent Customer,Very High (>$200),1,265.59,169.47,1,265.59,0.0,5,617.9,238.37,123.58,1,5487,1077681.52,1470821.78,5.65
O117990,C13650,P202595,Sports,2024-05-28,2024,5,May,2,2024-Q2,2024-05,22,Tuesday,1,388.93,1,0.0,No Discount,0,UPI,6,9.38,East,388.93,107.3,417.32,1,107.3,No,0,61,56-65,Female,5,1,Frequent Customer,Very High (>$200),3,456.36,423.34,4,114.09,0.0,5,774.2900000000001,460.39,154.86,1,4171,629825.54,622956.31,4.94
O101247,C16229,P222285,Toys,2024-05-29,2024,5,May,2,2024-Q2,2024-05,22,Wednesday,2,11.29,1,0.0,No Discount,0,Credit Card,5,3.24,South,11.29,1.28,0.14,1,1.28,No,0,43,36-45,Other,8,1,Frequent Customer,Low (<$50),1,11.29,0.14,1,11.29,0.0,8,1060.89,761.12,132.61,1,4247,132013.8,32116.24,4.94
O122066,C15782,P238097,Toys,2024-06-03,2024,6,June,2,2024-Q2,2024-06,23,Monday,0,4.69,3,0.05,Low (1-10%),1,UPI,6,4.76,North,13.37,0.59,0.08,1,0.59,No,0,36,36-45,Female,5,1,Frequent Customer,Low (<$50),1,13.37,0.08,3,4.46,0.0,5,217.98,62.29,43.6,1,4247,132013.8,32116.24,4.94
O126606,C14887,P227533,Home,2024-06-05,2024,6,June,2,2024-Q2,2024-06,23,Wednesday,2,82.27,3,0.0,No Discount,0,Debit Card,5,7.08,West,246.81,62.03,153.1,1,62.03,No,0,62,56-65,Male,8,1,Frequent Customer,Very High (>$200),2,344.73,157.16,4,86.18,0.0,8,1347.52,645.67,168.44,1,5487,1077681.52,1470821.78,5.65
O128667,C14786,P232953,Sports,2024-06-08,2024,6,June,2,2024-Q2,2024-06,23,Saturday,5,73.35,1,0.1,Low (1-10%),1,PayPal,4,6.15,West,66.02,13.66,9.02,1,13.66,No,0,59,56-65,Female,4,1,Frequent Customer,Medium ($50-$100),2,106.63999999999999,7.5,2,53.32,0.0,4,1050.89,945.14,262.72,0,4171,629825.54,622956.31,4.94
O110365,C17840,P202041,Sports,2024-06-09,2024,6,June,2,2024-Q2,2024-06,23,Sunday,6,34.47,1,0.2,Medium (11-20%),1,Credit Card,4,5.16,North,27.58,3.11,0.86,1,3.11,No,0,36,36-45,Other,2,1,Returning Customer,Low (<$50),1,27.58,0.86,1,27.58,0.0,2,341.21999999999997,91.97,170.61,0,4171,629825.54,622956.31,4.94
O123894,C10114,P235013,Grocery,2024-06-15,2024,6,June,2,2024-Q2,2024-06,24,Saturday,5,8.57,1,0.0,No Discount,0,Wallet,3,2.68,Central,8.57,-1.99,-0.17,0,-1.99,No,0,49,46-55,Male,6,1,Frequent Customer,Low (<$50),2,43.24,3.34,2,21.62,0.0,6,230.03,27.23,38.34,1,4058,82000.51,-800.46,1.31
O127640,C16497,P217770,Electronics,2024-06-16,2024,6,June,2,2024-Q2,2024-06,24,Sunday,6,393.43,1,0.1,Low (1-10%),1,COD,5,5.89,North,354.09,36.6,129.6,1,36.6,No,0,50,46-55,Female,5,1,Frequent Customer,Very High (>$200),1,354.09,129.6,1,354.09,0.0,5,792.73,252.92000000000002,158.55,0,6180,3319206.5,5069715.22,7.3
O132337,C17821,P231561,Grocery,2024-06-17,2024,6,June,2,2024-Q2,2024-06,25,Monday,0,2.85,1,0.05,Low (1-10%),1,COD,5,0.85,Central,2.71,-0.63,-0.02,0,-0.63,No,0,36,36-45,Male,3,1,Returning Customer,Low (<$50),1,2.71,-0.02,1,2.71,0.0,3,344.39,59.339999999999996,114.8,1,4058,82000.51,-800.46,1.31
O129080,C12659,P215117,Sports,2024-06-19,2024,6,June,2,2024-Q2,2024-06,25,Wednesday,2,82.55,1,0.0,No Discount,0,Credit Card,6,6.51,South,82.55,18.25,15.07,1,18.25,Yes,1,45,36-45,Female,6,1,Frequent Customer,Medium ($50-$100),2,258.49,86.82,2,129.24,50.0,6,935.41,675.26,155.9,1,4171,629825.54,622956.31,4.94
O123438,C17197,P234436,Home,2024-06-20,2024,6,June,2,2024-Q2,2024-06,25,Thursday,3,54.13,2,0.0,No Discount,0,Credit Card,4,6.27,South,108.26,24.04,26.03,1,24.04,No,0,60,56-65,Female,10,1,Frequent Customer,High ($100-$200),1,108.26,26.03,2,54.13,0.0,10,2121.79,1458.42,212.18,1,5487,1077681.52,1470821.78,5.65
O129507,C12380,P242080,Sports,2024-06-21,2024,6,June,2,2024-Q2,2024-06,25,Friday,4,129.27,3,0.0,No Discount,0,UPI,5,10.94,South,387.81,105.4,408.75,1,105.4,No,0,66,65+,Male,3,1,Returning Customer,Very High (>$200),1,387.81,408.75,3,129.27,0.0,3,1813.8000000000002,2464.74,604.6,0,4171,629825.54,622956.31,4.94
O133876,C17625,P231430,Beauty,2024-06-22,2024,6,June,2,2024-Q2,2024-06,25,Saturday,5,23.37,1,0.1,Low (1-10%),1,UPI,6,5.99,North,21.03,3.47,0.73,1,3.47,No,0,34,26-35,Female,4,1,Frequent Customer,Low (<$50),3,58.400000000000006,1.23,3,19.47,0.0,4,273.37,83.47,68.34,0,4103,153019.38,52717.43,3.78
O133819,C11523,P202005,Beauty,2024-06-30,2024,6,June,2,2024-Q2,2024-06,26,Sunday,6,58.27,1,0.0,No Discount,0,Debit Card,6,6.65,West,58.27,19.57,11.4,1,19.57,No,0,56,56-65,Male,7,1,Frequent Customer,Medium ($50-$100),2,231.28,31.869999999999997,2,115.64,0.0,7,789.26,285.39,112.75,1,4103,153019.38,52717.43,3.78
O131764,C16373,P249070,Home,2024-07-03,2024,7,July,3,2024-Q3,2024-07,27,Wednesday,2,53.31,1,0.0,No Discount,0,Credit Card,4,6.86,South,53.31,8.07,4.3,1,8.07,No,0,40,36-45,Male,4,1,Frequent Customer,Medium ($50-$100),1,53.31,4.3,1,53.31,0.0,4,324.42,60.78,81.1,0,5487,1077681.52,1470821.78,5.65
O120777,C10100,P202897,Fashion,2024-07-06,2024,7,July,3,2024-Q3,2024-07,27,Saturday,5,54.82,1,0.0,No Discount,0,Credit Card,7,5.25,East,54.82,13.94,7.64,1,13.94,No,0,38,36-45,Male,3,1,Returning Customer,Medium ($50-$100),2,60.91,7.51,2,30.46,0.0,3,228.57,83.92,76.19,0,6254,471545.8,279933.9,8.28
O107609,C12780,P233983,Electronics,2024-07-08,2024,7,July,3,2024-Q3,2024-07,28,Monday,0,100.8,1,0.0,No Discount,0,COD,4,8.05,North,100.8,4.05,4.08,1,4.05,No,0,30,26-35,Female,8,1,Frequent Customer,High ($100-$200),1,100.8,4.08,1,100.8,0.0,8,1101.15,387.49,137.64,1,6180,3319206.5,5069715.22,7.3
O112590,C13263,P226228,Sports,2024-07-09,2024,7,July,3,2024-Q3,2024-07,28,Tuesday,1,339.53,1,0.0,No Discount,0,PayPal,4,8.39,South,339.53,93.47,317.36,1,93.47,No,0,28,26-35,Male,2,1,Returning Customer,Very High (>$200),3,704.1899999999999,570.4100000000001,3,234.73,33.33,2,383.98999999999995,323.26,191.99,0,4171,629825.54,622956.31,4.94
O106879,C15921,P223849,Toys,2024-07-09,2024,7,July,3,2024-Q3,2024-07,28,Tuesday,1,13.22,2,0.0,No Discount,0,PayPal,4,5.46,South,26.44,5.12,1.35,1,5.12,No,0,69,65+,Female,6,1,Frequent Customer,Low (<$50),1,26.44,1.35,2,13.22,0.0,6,3036.55,7097.679999999999,506.09,0,4247,132013.8,32116.24,4.94
O109064,C11207,P225618,Electronics,2024-07-09,2024,7,July,3,2024-Q3,2024-07,28,Tuesday,1,65.91,1,0.1,Low (1-10%),1,PayPal,7,7.63,East,59.32,-0.51,-0.3,0,-0.51,No,0,43,36-45,Female,6,1,Frequent Customer,Medium ($50-$100),3,1337.82,933.83,3,445.94,0.0,6,282.71000000000004,57.61,47.12,0,6180,3319206.5,5069715.22,7.3
O134364,C15402,P248365,Fashion,2024-07-14,2024,7,July,3,2024-Q3,2024-07,28,Sunday,6,33.75,1,0.05,Low (1-10%),1,Credit Card,6,3.85,West,32.06,7.37,2.36,1,7.37,No,0,50,46-55,Male,4,1,Frequent Customer,Low (<$50),1,32.06,2.36,1,32.06,0.0,4,544.69,181.62,136.17,0,6254,471545.8,279933.9,8.28
O128428,C10360,P243532,Beauty,2024-07-16,2024,7,July,3,2024-Q3,2024-07,29,Tuesday,1,33.19,1,0.0,No Discount,0,Credit Card,8,4.95,West,33.19,9.99,3.32,1,9.99,No,0,49,46-55,Female,4,1,Frequent Customer,Low (<$50),2,54.66,3.65,2,27.33,0.0,4,793.3100000000001,420.13000000000005,198.33,0,4103,153019.38,52717.43,3.78
O131038,C14767,P220679,Sports,2024-07-17,2024,7,July,3,2024-Q3,2024-07,29,Wednesday,2,53.21,3,0.1,Low (1-10%),1,COD,5,8.3,East,143.67,34.8,50.0,1,34.8,No,0,28,26-35,Female,3,1,Returning Customer,High ($100-$200),1,143.67,50.0,3,47.89,0.0,3,553.8399999999999,197.8,184.61,0,4171,629825.54,622956.31,4.94
O115671,C16857,P206042,Fashion,2024-07-30,2024,7,July,3,2024-Q3,2024-07,31,Tuesday,1,72.19,2,0.0,No Discount,0,PayPal,4,6.8,West,144.38,43.73,63.14,1,43.73,Yes,1,61,56-65,Male,4,1,Frequent Customer,High ($100-$200),1,144.38,63.14,2,72.19,100.0,4,287.62,83.45,71.9,2,6254,471545.8,279933.9,8.28
O101513,C14225,P248848,Fashion,2024-08-07,2024,8,August,3,2024-Q3,2024-08,32,Wednesday,2,9.82,4,0.0,No Discount,0,Debit Card,5,4.59,West,39.28,9.16,3.6,1,9.16,No,0,53,46-55,Male,7,1,Frequent Customer,Low (<$50),2,51.620000000000005,3.47,5,10.32,0.0,7,661.5,299.33,94.5,0,6254,471545.8,279933.9,8.28
O132504,C13348,P246853,Fashion,2024-08-08,2024,8,August,3,2024-Q3,2024-08,32,Thursday,3,215.31,1,0.15,Medium (11-20%),1,COD,5,7.22,West,183.01,56.83,104.0,1,56.83,No,0,51,46-55,Female,11,1,VIP Customer,High ($100-$200),2,206.39999999999998,105.82,2,103.2,0.0,11,933.58,323.95,84.87,0,6254,471545.8,279933.9,8.28
O105824,C11293,P241620,Fashion,2024-08-11,2024,8,August,3,2024-Q3,2024-08,32,Sunday,6,142.24,2,0.15,Medium (11-20%),1,Credit Card,4,8.51,West,241.81,76.12,184.07,1,76.12,No,0,29,26-35,Male,6,1,Frequent Customer,Very High (>$200),3,361.72,198.92,4,90.43,0.0,6,630.34,267.96,105.06,0,6254,471545.8,279933.9,8.28
O121247,C14994,P237355,Beauty,2024-08-13,2024,8,August,3,2024-Q3,2024-08,33,Tuesday,1,20.65,2,0.0,No Discount,0,UPI,3,4.82,North,41.3,13.76,5.68,1,13.76,No,0,46,46-55,Female,8,1,Frequent Customer,Low (<$50),3,182.67000000000002,25.939999999999998,4,45.67,0.0,8,543.77,374.4800000000001,67.97,0,4103,153019.38,52717.43,3.78
O114354,C15750,P235742,Beauty,2024-08-15,2024,8,August,3,2024-Q3,2024-08,33,Thursday,3,10.92,2,0.0,No Discount,0,UPI,6,6.22,South,21.84,3.61,0.79,1,3.61,No,0,67,65+,Female,5,1,Frequent Customer,Low (<$50),2,31.1,0.9,3,10.37,0.0,5,881.8900000000001,348.91999999999996,176.38,0,4103,153019.38,52717.43,3.78
O120675,C11451,P222412,Fashion,2024-08-15,2024,8,August,3,2024-Q3,2024-08,33,Thursday,3,96.48,1,0.0,No Discount,0,Credit Card,5,7.22,Central,96.48,26.55,25.62,1,26.55,No,0,20,18-25,Female,6,1,Frequent Customer,Medium ($50-$100),2,125.18,24.900000000000002,4,31.3,0.0,6,840.4399999999999,277.47,140.07,0,6254,471545.8,279933.9,8.28
O107325,C16305,P213015,Sports,2024-08-22,2024,8,August,3,2024-Q3,2024-08,34,Thursday,3,137.23,1,0.0,No Discount,0,Credit Card,3,7.86,North,137.23,33.31,45.71,1,33.31,No,0,67,65+,Male,7,1,Frequent Customer,High ($100-$200),1,137.23,45.71,1,137.23,0.0,7,1165.75,405.81,166.54,1,4171,629825.54,622956.31,4.94
O127349,C17806,P224964,Electronics,2024-08-25,2024,8,August,3,2024-Q3,2024-08,34,Sunday,6,246.56,1,0.0,No Discount,0,Credit Card,5,7.24,West,246.56,22.35,55.11,1,22.35,No,0,42,36-45,Male,3,1,Returning Customer,Very High (>$200),1,246.56,55.11,1,246.56,0.0,3,325.81,60.5,108.6,0,6180,3319206.5,5069715.22,7.3
O120040,C16557,P233500,Sports,2024-08-26,2024,8,August,3,2024-Q3,2024-08,35,Monday,0,13.79,1,0.05,Low (1-10%),1,Credit Card,5,3.79,South,13.1,0.14,0.02,1,0.14,No,0,40,36-45,Male,4,1,Frequent Customer,Low (<$50),2,42.12,2.7600000000000002,2,21.06,0.0,4,183.71,14.52,45.93,0,4171,629825.54,622956.31,4.94
O111808,C14155,P235495,Fashion,2024-08-29,2024,8,August,3,2024-Q3,2024-08,35,Thursday,3,14.27,3,0.0,No Discount,0,Credit Card,8,4.17,East,42.81,10.81,4.63,1,10.81,No,0,53,46-55,Male,4,1,Frequent Customer,Low (<$50),2,65.69,5.34,5,13.14,0.0,4,1328.6799999999998,3449.47,332.17,1,6254,471545.8,279933.9,8.28
O112462,C11014,P241145,Sports,2024-08-30,2024,8,August,3,2024-Q3,2024-08,35,Friday,4,362.22,1,0.2,Medium (11-20%),1,Credit Card,5,9.05,West,289.78,77.88,225.68,1,77.88,No,0,46,46-55,Female,6,1,Frequent Customer,Very High (>$200),1,289.78,225.68,1,289.78,0.0,6,1466.25,1115.6,244.38,0,4171,629825.54,622956.31,4.94
O109592,C11117,P212022,Beauty,2024-09-02,2024,9,September,3,2024-Q3,2024-09,36,Monday,0,6.28,1,0.0,No Discount,0,UPI,5,2.06,North,6.28,0.77,0.05,1,0.77,No,0,69,65+,Female,4,1,Frequent Customer,Low (<$50),2,21.81,0.24,2,10.9,50.0,4,242.65,127.9,60.66,0,4103,153019.38,52717.43,3.78
O120326,C17408,P234224,Beauty,2024-09-05,2024,9,September,3,2024-Q3,2024-09,36,Thursday,3,20.0,1,0.1,Low (1-10%),1,PayPal,5,3.95,South,18.0,4.15,0.75,1,4.15,No,0,53,46-55,Male,9,1,Frequent Customer,Low (<$50),3,654.66,435.35,4,163.66,0.0,9,1139.88,645.47,126.65,0,4103,153019.38,52717.43,3.78
O104579,C16184,P206713,Fashion,2024-09-08,2024,9,September,3,2024-Q3,2024-09,36,Sunday,6,29.65,4,0.0,No Discount,0,Debit Card,6,7.26,East,118.6,34.25,40.62,1,34.25,No,0,42,36-45,Female,5,1,Frequent Customer,High ($100-$200),2,304.90999999999997,148.59,5,60.98,0.0,5,617.84,207.73999999999998,123.57,1,6254,471545.8,279933.9,8.28
O131766,C11473,P229008,Sports,2024-09-10,2024,9,September,3,2024-Q3,2024-09,37,Tuesday,1,194.89,1,0.15,Medium (11-20%),1,Debit Card,3,9.03,North,165.66,40.67,67.37,1,40.67,No,0,18,18-25,Male,9,1,Frequent Customer,High ($100-$200),1,165.66,67.37,1,165.66,0.0,9,1534.31,1260.5800000000002,170.48,0,4171,629825.54,622956.31,4.94
O123575,C10209,P215202,Home,2024-09-10,2024,9,September,3,2024-Q3,2024-09,37,Tuesday,1,137.14,1,0.05,Low (1-10%),1,UPI,5,6.25,South,130.28,30.23,39.38,1,30.23,No,0,50,46-55,Male,9,1,Frequent Customer,High ($100-$200),1,130.28,39.38,1,130.28,0.0,9,891.71,182.07,99.08,0,5487,1077681.52,1470821.78,5.65
O106742,C16332,P219954,Grocery,2024-09-17,2024,9,September,3,2024-Q3,2024-09,38,Tuesday,1,5.71,1,0.0,No Discount,0,Credit Card,6,2.62,South,5.71,-2.16,-0.12,0,-2.16,No,0,60,56-65,Male,3,1,Returning Customer,Low (<$50),3,290.28,195.83,3,96.76,0.0,3,132.12,18.79,44.04,0,4058,82000.51,-800.46,1.31
O122187,C11498,P211412,Beauty,2024-09-21,2024,9,September,3,2024-Q3,2024-09,38,Saturday,5,14.0,1,0.0,No Discount,0,Debit Card,3,4.5,North,14.0,1.8,0.25,1,1.8,No,0,56,56-65,Male,3,1,Returning Customer,Low (<$50),1,14.0,0.25,1,14.0,0.0,3,114.38000000000001,13.5,38.13,0,4103,153019.38,52717.43,3.78
O132325,C14201,P201147,Home,2024-09-24,2024,9,September,3,2024-Q3,2024-09,39,Tuesday,1,95.0,1,0.15,Medium (11-20%),1,Credit Card,5,7.13,South,80.75,15.48,12.5,1,15.48,No,0,32,26-35,Female,3,1,Returning Customer,Medium ($50-$100),4,1507.26,1600.55,5,301.45,0.0,3,150.91,14.48,50.3,0,5487,1077681.52,1470821.78,5.65
O114875,C13439,P212021,Fashion,2024-09-24,2024,9,September,3,2024-Q3,2024-09,39,Tuesday,1,58.82,5,0.15,Medium (11-20%),1,Credit Card,4,8.7,West,249.98,78.79,196.96,1,78.79,No,0,69,65+,Male,5,1,Frequent Customer,Very High (>$200),2,309.69,203.8,6,51.62,0.0,5,570.99,284.01,114.2,0,6254,471545.8,279933.9,8.28
O118998,C11732,P222659,Home,2024-09-25,2024,9,September,3,2024-Q3,2024-09,39,Wednesday,2,423.31,1,0.0,No Discount,0,Credit Card,8,7.9,East,423.31,110.63,468.31,1,110.63,No,0,47,46-55,Female,3,1,Returning Customer,Very High (>$200),3,478.45000000000005,475.06,3,159.48,0.0,3,619.44,490.11,206.48,0,5487,1077681.52,1470821.78,5.65
O102236,C16496,P232228,Grocery,2024-09-26,2024,9,September,3,2024-Q3,2024-09,39,Thursday,3,4.18,2,0.1,Low (1-10%),1,Debit Card,5,5.63,South,7.52,-5.03,-0.38,0,-5.03,No,0,55,46-55,Female,7,1,Frequent Customer,Low (<$50),1,7.52,-0.38,2,3.76,0.0,7,2436.7,3854.34,348.1,0,4058,82000.51,-800.46,1.31
O101118,C17043,P228299,Beauty,2024-09-28,2024,9,September,3,2024-Q3,2024-09,39,Saturday,5,8.41,1,0.0,No Discount,0,Debit Card,5,3.55,West,8.41,0.23,0.02,1,0.23,No,0,48,46-55,Female,6,1,Frequent Customer,Low (<$50),2,257.37,167.52,2,128.68,0.0,6,532.57,142.49,88.76,1,4103,153019.38,52717.43,3.78
O120031,C12292,P247424,Fashion,2024-10-03,2024,10,October,4,2024-Q4,2024-10,40,Thursday,3,35.41,1,0.0,No Discount,0,Credit Card,6,3.96,Central,35.41,8.43,2.99,1,8.43,No,0,34,26-35,Male,6,1,Frequent Customer,Low (<$50),1,35.41,2.99,1,35.41,0.0,6,538.27,123.44999999999999,89.71,1,6254,471545.8,279933.9,8.28
O105346,C10979,P209121,Toys,2024-10-04,2024,10,October,4,2024-Q4,2024-10,40,Friday,4,9.62,1,0.2,Medium (11-20%),1,Credit Card,5,2.75,Central,7.7,0.33,0.03,1,0.33,No,0,45,36-45,Male,3,1,Returning Customer,Low (<$50),2,58.050000000000004,5.91,2,29.02,0.0,3,136.19,6.09,45.4,0,4247,132013.8,32116.24,4.94
O106126,C11014,P224307,Home,2024-10-10,2024,10,October,4,2024-Q4,2024-10,41,Thursday,3,24.19,1,0.15,Medium (11-20%),1,COD,7,6.31,South,20.56,-0.55,-0.11,0,-0.55,No,0,28,26-35,Male,6,1,Frequent Customer,Low (<$50),2,203.61,10.32,6,33.94,0.0,6,1466.25,1115.6,244.38,0,5487,1077681.52,1470821.78,5.65
O119844,C16690,P223402,Fashion,2024-10-10,2024,10,October,4,2024-Q4,2024-10,41,Thursday,3,65.4,2,0.05,Low (1-10%),1,Wallet,4,6.69,South,124.26,36.8,45.73,1,36.8,No,0,48,46-55,Male,2,1,Returning Customer,High ($100-$200),1,124.26,45.73,2,62.13,0.0,2,203.82,58.12,101.91,0,6254,471545.8,279933.9,8.28
O134117,C16705,P202085,Electronics,2024-10-11,2024,10,October,4,2024-Q4,2024-10,41,Friday,4,160.14,1,0.0,No Discount,0,UPI,6,6.83,East,160.14,12.39,19.84,1,12.39,No,0,66,65+,Male,2,1,Returning Customer,High ($100-$200),2,227.95999999999998,32.56,2,113.98,0.0,2,344.79999999999995,48.92,172.4,0,6180,3319206.5,5069715.22,7.3
O107137,C11117,P214560,Fashion,2024-10-11,2024,10,October,4,2024-Q4,2024-10,41,Friday,4,102.11,2,0.0,No Discount,0,Credit Card,7,9.57,West,204.22,61.91,126.43,1,61.91,No,0,41,36-45,Male,4,1,Frequent Customer,Very High (>$200),1,204.22,126.43,2,102.11,0.0,4,242.65,127.9,60.66,0,6254,471545.8,279933.9,8.28
O123210,C13792,P207030,Grocery,2024-10-13,2024,10,October,4,2024-Q4,2024-10,41,Sunday,6,15.57,2,0.0,No Discount,0,COD,8,6.7,East,31.14,-4.21,-1.31,0,-4.21,No,0,25,18-25,Male,4,1,Frequent Customer,Low (<$50),1,31.14,-1.31,2,15.57,0.0,4,188.77999999999997,14.68,47.19,0,4058,82000.51,-800.46,1.31
O118879,C17674,P237185,Beauty,2024-10-17,2024,10,October,4,2024-Q4,2024-10,42,Thursday,3,30.04,4,0.0,No Discount,0,Credit Card,6,5.62,East,120.16,48.45,58.22,1,48.45,No,0,19,18-25,Male,7,1,Frequent Customer,High ($100-$200),2,685.48,386.33000000000004,5,137.1,0.0,7,4688.56,22051.4,669.79,1,4103,153019.38,52717.43,3.78
O125557,C10821,P248996,Toys,2024-10-21,2024,10,October,4,2024-Q4,2024-10,43,Monday,0,12.15,1,0.0,No Discount,0,Debit Card,4,4.39,North,12.15,0.47,0.06,1,0.47,No,0,57,56-65,Male,4,1,Frequent Customer,Low (<$50),1,12.15,0.06,1,12.15,0.0,4,441.13,252.86,110.28,0,4247,132013.8,32116.24,4.94
O131957,C17972,P227980,Electronics,2024-10-29,2024,10,October,4,2024-Q4,2024-10,44,Tuesday,1,178.26,1,0.0,No Discount,0,Debit Card,4,8.89,West,178.26,12.5,22.28,1,12.5,Yes,1,20,18-25,Male,7,1,Frequent Customer,High ($100-$200),3,263.78999999999996,31.650000000000002,4,65.95,66.67,7,1700.24,1280.03,242.89,1,6180,3319206.5,5069715.22,7.3
O108322,C11773,P238098,Sports,2024-11-02,2024,11,November,4,2024-Q4,2024-11,44,Saturday,5,13.64,2,0.05,Low (1-10%),1,UPI,4,6.17,Central,25.92,1.61,0.42,1,1.61,No,0,34,26-35,Female,7,1,Frequent Customer,Low (<$50),1,25.92,0.42,2,12.96,0.0,7,645.33,165.16,92.19,0,4171,629825.54,622956.31,4.94
O134013,C16694,P214431,Fashion,2024-11-03,2024,11,November,4,2024-Q4,2024-11,44,Sunday,6,10.91,1,0.1,Low (1-10%),1,Credit Card,4,3.42,North,9.82,0.02,0.0,1,0.02,No,0,23,18-25,Male,5,1,Frequent Customer,Low (<$50),2,465.45,208.59,2,232.72,50.0,5,777.02,546.49,155.4,0,6254,471545.8,279933.9,8.28
O105640,C12468,P235352,Toys,2024-11-06,2024,11,November,4,2024-Q4,2024-11,45,Wednesday,2,39.46,1,0.0,No Discount,0,Debit Card,3,5.68,Central,39.46,10.1,3.99,1,10.1,No,0,22,18-25,Female,5,1,Frequent Customer,Low (<$50),1,39.46,3.99,1,39.46,0.0,5,463.45,226.14,92.69,0,4247,132013.8,32116.24,4.94
O113995,C11561,P240492,Toys,2024-11-08,2024,11,November,4,2024-Q4,2024-11,45,Friday,4,9.96,1,0.2,Medium (11-20%),1,Credit Card,8,3.6,East,7.97,-0.41,-0.03,0,-0.41,No,0,38,36-45,Female,7,1,Frequent Customer,Low (<$50),2,20.25,0.15,2,10.12,0.0,7,1464.4,1047.27,209.2,0,4247,132013.8,32116.24,4.94
O128243,C17018,P207973,Home,2024-11-10,2024,11,November,4,2024-Q4,2024-11,45,Sunday,6,29.95,1,0.05,Low (1-10%),1,Credit Card,5,5.5,South,28.45,2.47,0.7,1,2.47,No,0,66,65+,Female,6,1,Frequent Customer,Low (<$50),2,112.93,16.47,3,37.64,0.0,6,346.95,72.62,57.82,0,5487,1077681.52,1470821.78,5.65
O111751,C12434,P210545,Electronics,2024-11-11,2024,11,November,4,2024-Q4,2024-11,46,Monday,0,164.03,1,0.1,Low (1-10%),1,Credit Card,3,6.71,North,147.63,11.01,16.25,1,11.01,No,0,62,56-65,Female,4,1,Frequent Customer,High ($100-$200),1,147.63,16.25,1,147.63,0.0,4,1944.35,3286.4999999999995,486.09,1,6180,3319206.5,5069715.22,7.3
O118735,C10407,P238555,Beauty,2024-11-11,2024,11,November,4,2024-Q4,2024-11,46,Monday,0,4.91,1,0.0,No Discount,0,Credit Card,4,1.47,South,4.91,0.74,0.04,1,0.74,No,0,64,56-65,Male,4,1,Frequent Customer,Low (<$50),1,4.91,0.04,1,4.91,0.0,4,62.34,4.6000000000000005,15.58,0,4103,153019.38,52717.43,3.78
O100251,C15575,P239883,Fashion,2024-11-12,2024,11,November,4,2024-Q4,2024-11,46,Tuesday,1,32.69,4,0.0,No Discount,0,PayPal,3,6.66,North,130.76,39.11,51.14,1,39.11,No,0,66,65+,Male,9,1,Frequent Customer,High ($100-$200),2,624.3199999999999,852.29,8,78.04,0.0,9,276.25,63.25,30.69,0,6254,471545.8,279933.9,8.28
O101278,C15401,P216667,Beauty,2024-11-12,2024,11,November,4,2024-Q4,2024-11,46,Tuesday,1,52.16,1,0.0,No Discount,0,UPI,3,7.98,Central,52.16,15.49,8.08,1,15.49,No,0,29,26-35,Male,2,1,Returning Customer,Medium ($50-$100),1,52.16,8.08,1,52.16,0.0,2,348.46000000000004,229.71,174.23,0,4103,153019.38,52717.43,3.78
O121752,C15125,P246270,Toys,2024-11-15,2024,11,November,4,2024-Q4,2024-11,46,Friday,4,4.65,1,0.05,Low (1-10%),1,Credit Card,6,2.6,North,4.42,-0.83,-0.04,0,-0.83,No,0,27,26-35,Male,5,1,Frequent Customer,Low (<$50),3,117.03999999999999,26.770000000000003,3,39.01,33.33,5,1278.92,646.31,255.78,0,4247,132013.8,32116.24,4.94
O132084,C10371,P200306,Electronics,2024-11-17,2024,11,November,4,2024-Q4,2024-11,46,Sunday,6,487.87,1,0.0,No Discount,0,Credit Card,4,8.82,West,487.87,49.72,242.57,1,49.72,No,0,61,56-65,Male,5,1,Frequent Customer,Very High (>$200),1,487.87,242.57,1,487.87,0.0,5,727.83,302.87,145.57,0,6180,3319206.5,5069715.22,7.3
O103047,C13225,P217341,Fashion,2024-11-22,2024,11,November,4,2024-Q4,2024-11,47,Friday,4,77.24,1,0.05,Low (1-10%),1,COD,6,7.39,South,73.38,18.29,13.42,1,18.29,No,0,54,46-55,Male,4,1,Frequent Customer,Medium ($50-$100),2,527.8,213.58999999999997,2,263.9,0.0,4,662.78,600.13,165.7,0,6254,471545.8,279933.9,8.28
O109681,C10143,P230898,Sports,2024-11-27,2024,11,November,4,2024-Q4,2024-11,48,Wednesday,2,555.49,2,0.0,No Discount,0,Debit Card,6,8.91,West,1110.98,324.38,3603.8,1,324.38,No,0,43,36-45,Male,6,1,Frequent Customer,Very High (>$200),2,1152.27,3607.01,3,384.09,0.0,6,2263.23,4447.76,377.2,0,4171,629825.54,622956.31,4.94
O104280,C13808,P209070,Fashion,2024-11-30,2024,11,November,4,2024-Q4,2024-11,48,Saturday,5,22.46,1,0.15,Medium (11-20%),1,Debit Card,6,3.58,East,19.09,3.1,0.59,1,3.1,No,0,59,56-65,Male,5,1,Frequent Customer,Low (<$50),1,19.09,0.59,1,19.09,0.0,5,576.51,220.31,115.3,0,6254,471545.8,279933.9,8.28
O117181,C11551,P246839,Grocery,2024-11-30,2024,11,November,4,2024-Q4,2024-11,48,Saturday,5,13.94,1,0.05,Low (1-10%),1,Credit Card,4,4.54,West,13.24,-3.48,-0.46,0,-3.48,No,0,33,26-35,Male,5,1,Frequent Customer,Low (<$50),1,13.24,-0.46,1,13.24,0.0,5,602.6,298.15,120.52,0,4058,82000.51,-800.46,1.31
O116166,C12888,P240007,Home,2024-12-02,2024,12,December,4,2024-Q4,2024-12,49,Monday,0,127.46,1,0.3,High (>20%),1,Debit Card,6,5.3,East,89.22,19.68,17.56,1,19.68,No,0,54,46-55,Male,5,1,Frequent Customer,Medium ($50-$100),1,89.22,17.56,1,89.22,0.0,5,358.81,37.449999999999996,71.76,1,5487,1077681.52,1470821.78,5.65
O102304,C12382,P243114,Grocery,2024-12-12,2024,12,December,4,2024-Q4,2024-12,50,Thursday,3,7.43,1,0.15,Medium (11-20%),1,UPI,4,2.88,West,6.32,-2.37,-0.15,0,-2.37,No,0,66,65+,Female,5,1,Frequent Customer,Low (<$50),1,6.32,-0.15,1,6.32,0.0,5,378.17,46.49,75.63,0,4058,82000.51,-800.46,1.31
O130709,C17246,P241587,Beauty,2024-12-12,2024,12,December,4,2024-Q4,2024-12,50,Thursday,3,18.55,1,0.0,No Discount,0,Debit Card,6,3.84,South,18.55,4.51,0.84,1,4.51,No,0,45,36-45,Female,7,1,Frequent Customer,Low (<$50),1,18.55,0.84,1,18.55,0.0,7,880.92,268.21000000000004,125.85,1,4103,153019.38,52717.43,3.78
O131746,C17765,P219128,Toys,2024-12-14,2024,12,December,4,2024-Q4,2024-12,50,Saturday,5,4.43,1,0.0,No Discount,0,Credit Card,5,3.23,North,4.43,-1.46,-0.06,0,-1.46,No,0,24,18-25,Female,5,1,Frequent Customer,Low (<$50),1,4.43,-0.06,1,4.43,0.0,5,299.38,49.92999999999999,59.88,0,4247,132013.8,32116.24,4.94
O111895,C12451,P244763,Toys,2024-12-17,2024,12,December,4,2024-Q4,2024-12,51,Tuesday,1,31.39,1,0.0,No Discount,0,COD,7,4.49,South,31.39,8.07,2.53,1,8.07,No,0,51,46-55,Male,5,1,Frequent Customer,Low (<$50),1,31.39,2.53,1,31.39,0.0,5,162.63,12.84,32.53,0,4247,132013.8,32116.24,4.94
O109737,C13276,P238261,Electronics,2024-12-17,2024,12,December,4,2024-Q4,2024-12,51,Tuesday,1,75.29,1,0.1,Low (1-10%),1,Debit Card,4,7.1,North,67.76,1.03,0.7,1,1.03,No,0,18,18-25,Female,5,1,Frequent Customer,Medium ($50-$100),1,67.76,0.7,1,67.76,0.0,5,861.1200000000001,738.14,172.22,1,6180,3319206.5,5069715.22,7.3
O119526,C16928,P224063,Fashion,2024-12-18,2024,12,December,4,2024-Q4,2024-12,51,Wednesday,2,33.69,1,0.05,Low (1-10%),1,Wallet,5,4.85,South,32.01,6.35,2.03,1,6.35,No,0,37,36-45,Male,5,1,Frequent Customer,Low (<$50),2,35.14,1.9899999999999998,2,17.57,0.0,5,413.56,216.62,82.71,0,6254,471545.8,279933.9,8.28
O114147,C10441,P208391,Toys,2024-12-18,2024,12,December,4,2024-Q4,2024-12,51,Wednesday,2,42.6,1,0.0,No Discount,0,PayPal,3,6.07,North,42.6,10.97,4.67,1,10.97,No,0,24,18-25,Female,7,1,Frequent Customer,Low (<$50),1,42.6,4.67,1,42.6,0.0,7,754.0600000000001,305.96,107.72,0,4247,132013.8,32116.24,4.94
O114299,C10791,P227033,Electronics,2024-12-18,2024,12,December,4,2024-Q4,2024-12,51,Wednesday,2,509.67,1,0.0,No Discount,0,UPI,6,11.12,South,509.67,50.04,255.04,1,50.04,No,0,59,56-65,Female,7,1,Frequent Customer,Very High (>$200),2,877.3199999999999,690.23,5,175.46,0.0,7,2735.79,3309.47,390.83,0,6180,3319206.5,5069715.22,7.3
O111438,C12926,P219847,Fashion,2024-12-21,2024,12,December,4,2024-Q4,2024-12,51,Saturday,5,122.51,1,0.05,Low (1-10%),1,COD,6,6.05,South,116.38,34.68,40.36,1,34.68,No,0,49,46-55,Male,4,1,Frequent Customer,High ($100-$200),1,116.38,40.36,1,116.38,0.0,4,518.35,196.19,129.59,0,6254,471545.8,279933.9,8.28
O110734,C13957,P247526,Sports,2024-12-22,2024,12,December,4,2024-Q4,2024-12,51,Sunday,6,200.23,1,0.0,No Discount,0,COD,4,8.4,South,200.23,51.67,103.46,1,51.67,No,0,34,26-35,Male,8,1,Frequent Customer,Very High (>$200),1,200.23,103.46,1,200.23,0.0,8,1069.4099999999999,750.54,133.68,1,4171,629825.54,622956.31,4.94
O106926,C12430,P208484,Grocery,2024-12-27,2024,12,December,4,2024-Q4,2024-12,52,Friday,4,20.14,1,0.0,No Discount,0,Credit Card,7,4.32,East,20.14,-2.71,-0.55,0,-2.71,No,0,27,26-35,Female,5,1,Frequent Customer,Low (<$50),2,100.67,2.54,2,50.34,0.0,5,1343.1399999999999,1383.0900000000001,268.63,0,4058,82000.51,-800.46,1.31
O130882,C15892,P230901,Fashion,2024-12-27,2024,12,December,4,2024-Q4,2024-12,52,Friday,4,64.27,1,0.15,Medium (11-20%),1,COD,4,5.61,South,54.63,13.51,7.38,1,13.51,No,0,47,46-55,Male,6,1,Frequent Customer,Medium ($50-$100),1,54.63,7.38,1,54.63,0.0,6,285.01,109.32000000000001,47.5,0,6254,471545.8,279933.9,8.28
O126674,C16837,P212464,Home,2025-01-01,2025,1,January,1,2025-Q1,2025-01,1,Wednesday,2,60.72,1,0.0,No Discount,0,UPI,5,6.91,South,60.72,10.09,6.13,1,10.09,No,0,29,26-35,Male,10,1,Frequent Customer,Medium ($50-$100),4,288.43,64.56,6,48.07,0.0,10,1318.0900000000001,509.77,131.81,1,5487,1077681.52,1470821.78,5.65
O113499,C12568,P237491,Sports,2025-01-01,2025,1,January,1,2025-Q1,2025-01,1,Wednesday,2,150.1,2,0.0,No Discount,0,UPI,4,7.88,West,300.2,82.18,246.7,1,82.18,Yes,1,30,26-35,Male,9,1,Frequent Customer,Very High (>$200),2,306.47999999999996,246.60999999999999,3,102.16,50.0,9,1979.86,1758.08,219.98,2,4171,629825.54,622956.31,4.94
O101575,C12861,P241362,Electronics,2025-01-02,2025,1,January,1,2025-Q1,2025-01,1,Thursday,3,132.59,1,0.1,Low (1-10%),1,UPI,3,6.91,North,119.33,7.41,8.84,1,7.41,No,0,63,56-65,Female,4,1,Frequent Customer,High ($100-$200),1,119.33,8.84,1,119.33,0.0,4,152.99,9.03,38.25,0,6180,3319206.5,5069715.22,7.3
O103928,C10581,P201399,Sports,2025-01-03,2025,1,January,1,2025-Q1,2025-01,1,Friday,4,28.37,2,0.05,Low (1-10%),1,Credit Card,4,5.25,North,53.9,10.92,5.89,1,10.92,No,0,54,46-55,Female,5,1,Frequent Customer,Medium ($50-$100),1,53.9,5.89,2,26.95,0.0,5,996.93,1522.63,199.39,0,4171,629825.54,622956.31,4.94
O124779,C13103,P211308,Fashion,2025-01-04,2025,1,January,1,2025-Q1,2025-01,1,Saturday,5,49.41,1,0.05,Low (1-10%),1,UPI,6,4.91,South,46.94,11.52,5.41,1,11.52,No,0,65,56-65,Male,3,1,Returning Customer,Low (<$50),2,49.86,5.3500000000000005,2,24.93,0.0,3,882.1199999999999,762.99,294.04,0,6254,471545.8,279933.9,8.28
O116387,C15311,P236382,Beauty,2025-01-05,2025,1,January,1,2025-Q1,2025-01,1,Sunday,6,11.78,3,0.3,High (>20%),1,COD,7,4.52,East,24.74,6.61,1.64,1,6.61,No,0,30,26-35,Female,9,1,Frequent Customer,Low (<$50),3,716.0999999999999,456.37,5,143.22,0.0,9,2099.62,4246.650000000001,233.29,0,4103,153019.38,52717.43,3.78
O127390,C16685,P203658,Grocery,2025-01-15,2025,1,January,1,2025-Q1,2025-01,3,Wednesday,2,15.63,1,0.0,No Discount,0,Debit Card,3,3.65,North,15.63,-2.4,-0.38,0,-2.4,No,0,41,36-45,Female,7,1,Frequent Customer,Low (<$50),2,25.71,-0.39,2,12.86,0.0,7,318.88,39.58,45.55,1,4058,82000.51,-800.46,1.31
O132408,C11615,P243976,Electronics,2025-01-20,2025,1,January,1,2025-Q1,2025-01,4,Monday,0,502.45,1,0.0,No Discount,0,UPI,4,10.52,Central,502.45,49.77,250.07,1,49.77,No,0,19,18-25,Female,3,1,Returning Customer,Very High (>$200),1,502.45,250.07,1,502.45,0.0,3,1054.46,1022.72,351.49,0,6180,3319206.5,5069715.22,7.3
O104235,C16415,P213303,Fashion,2025-01-22,2025,1,January,1,2025-Q1,2025-01,4,Wednesday,2,48.56,4,0.2,Medium (11-20%),1,Wallet,5,6.68,East,155.39,47.71,74.14,1,47.71,No,0,42,36-45,Female,3,1,Returning Customer,High ($100-$200),2,169.73999999999998,74.39,5,33.95,0.0,3,369.69,158.74,123.23,0,6254,471545.8,279933.9,8.28
O101448,C11248,P226038,Beauty,2025-01-22,2025,1,January,1,2025-Q1,2025-01,4,Wednesday,2,17.73,2,0.1,Low (1-10%),1,Debit Card,4,4.26,Central,31.91,10.1,3.22,1,10.1,No,0,28,26-35,Male,4,1,Frequent Customer,Low (<$50),1,31.91,3.22,2,15.96,0.0,4,521.83,218.44,130.46,0,4103,153019.38,52717.43,3.78
O116305,C16702,P240424,Toys,2025-01-24,2025,1,January,1,2025-Q1,2025-01,4,Friday,4,38.02,1,0.05,Low (1-10%),1,Credit Card,5,6.26,West,36.12,8.19,2.96,1,8.19,No,0,40,36-45,Other,6,1,Frequent Customer,Low (<$50),1,36.12,2.96,1,36.12,0.0,6,117.11,4.74,19.52,1,4247,132013.8,32116.24,4.94
O126772,C13309,P212370,Grocery,2025-01-27,2025,1,January,1,2025-Q1,2025-01,5,Monday,0,9.06,1,0.0,No Discount,0,Debit Card,4,3.59,Central,9.06,-2.87,-0.26,0,-2.87,No,0,25,18-25,Female,7,1,Frequent Customer,Low (<$50),2,38.59,1.8499999999999999,2,19.3,0.0,7,1407.72,604.42,201.1,0,4058,82000.51,-800.46,1.31
O103979,C11931,P204755,Toys,2025-01-31,2025,1,January,1,2025-Q1,2025-01,5,Friday,4,3.6,1,0.1,Low (1-10%),1,Wallet,5,0.17,Central,3.24,1.13,0.04,1,1.13,No,0,27,26-35,Male,5,1,Frequent Customer,Low (<$50),1,3.24,0.04,1,3.24,0.0,5,1063.49,543.15,212.7,0,4247,132013.8,32116.24,4.94
O106746,C16837,P212885,Electronics,2025-02-01,2025,2,February,1,2025-Q1,2025-02,5,Saturday,5,94.46,1,0.0,No Discount,0,Credit Card,3,6.76,North,94.46,4.58,4.33,1,4.58,No,0,43,36-45,Male,10,1,Frequent Customer,Medium ($50-$100),1,94.46,4.33,1,94.46,0.0,10,1318.0900000000001,509.77,131.81,1,6180,3319206.5,5069715.22,7.3
O111318,C10460,P212889,Grocery,2025-02-01,2025,2,February,1,2025-Q1,2025-02,5,Saturday,5,61.76,1,0.05,Low (1-10%),1,Credit Card,3,5.43,North,58.67,-0.74,-0.43,0,-0.74,No,0,21,18-25,Female,6,1,Frequent Customer,Medium ($50-$100),1,58.67,-0.43,1,58.67,0.0,6,505.11,182.36999999999998,84.18,0,4058,82000.51,-800.46,1.31
O117991,C17549,P221521,Beauty,2025-02-06,2025,2,February,1,2025-Q1,2025-02,6,Thursday,3,42.65,1,0.0,No Discount,0,Credit Card,7,5.09,East,42.65,14.1,6.01,1,14.1,No,0,39,36-45,Female,9,1,Frequent Customer,Low (<$50),1,42.65,6.01,1,42.65,0.0,9,452.61,54.14,50.29,0,4103,153019.38,52717.43,3.78
O133085,C14401,P202966,Home,2025-02-07,2025,2,February,1,2025-Q1,2025-02,6,Friday,4,108.09,1,0.0,No Discount,0,Credit Card,4,5.44,Central,108.09,24.83,26.84,1,24.83,No,0,49,46-55,Male,2,1,Returning Customer,High ($100-$200),1,108.09,26.84,1,108.09,0.0,2,229.43,69.72,114.72,0,5487,1077681.52,1470821.78,5.65
O133994,C14681,P238678,Fashion,2025-02-10,2025,2,February,1,2025-Q1,2025-02,7,Monday,0,117.15,1,0.15,Medium (11-20%),1,Debit Card,4,5.74,North,99.58,29.11,28.99,1,29.11,No,0,26,26-35,Male,8,1,Frequent Customer,Medium ($50-$100),1,99.58,28.99,1,99.58,0.0,8,1214.73,561.36,151.84,0,6254,471545.8,279933.9,8.28
O124774,C11669,P240411,Toys,2025-02-12,2025,2,February,1,2025-Q1,2025-02,7,Wednesday,2,49.43,1,0.0,No Discount,0,Wallet,6,4.28,East,49.43,15.49,7.66,1,15.49,No,0,40,36-45,Male,3,1,Returning Customer,Low (<$50),1,49.43,7.66,1,49.43,0.0,3,306.82000000000005,59.29,102.27,0,4247,132013.8,32116.24,4.94
O115232,C16882,P233947,Toys,2025-02-16,2025,2,February,1,2025-Q1,2025-02,7,Sunday,6,15.59,1,0.05,Low (1-10%),1,Debit Card,3,3.46,North,14.81,2.46,0.36,1,2.46,No,0,20,18-25,Female,4,1,Frequent Customer,Low (<$50),1,14.81,0.36,1,14.81,0.0,4,304.54,78.31,76.14,0,4247,132013.8,32116.24,4.94
O113745,C11388,P209221,Beauty,2025-02-17,2025,2,February,1,2025-Q1,2025-02,8,Monday,0,16.85,2,0.0,No Discount,0,Debit Card,3,5.76,North,33.7,9.41,3.17,1,9.41,No,0,23,18-25,Female,7,1,Frequent Customer,Low (<$50),1,33.7,3.17,2,16.85,0.0,7,1621.35,1318.83,231.62,0,4103,153019.38,52717.43,3.78
O130549,C10849,P248613,Home,2025-02-20,2025,2,February,1,2025-Q1,2025-02,8,Thursday,3,43.35,1,0.1,Low (1-10%),1,Debit Card,7,6.86,South,39.02,4.07,1.59,1,4.07,No,0,38,36-45,Female,6,1,Frequent Customer,Low (<$50),3,705.5,324.09999999999997,3,235.17,0.0,6,572.87,123.04,95.48,0,5487,1077681.52,1470821.78,5.65
O112802,C10480,P237148,Grocery,2025-02-26,2025,2,February,1,2025-Q1,2025-02,9,Wednesday,2,24.5,1,0.15,Medium (11-20%),1,Credit Card,4,3.27,Central,20.82,-1.6,-0.33,0,-1.6,No,0,67,65+,Male,2,1,Returning Customer,Low (<$50),1,20.82,-0.33,1,20.82,0.0,2,34.68,-0.12000000000000002,17.34,0,4058,82000.51,-800.46,1.31
O123761,C16059,P231346,Sports,2025-02-27,2025,2,February,1,2025-Q1,2025-02,9,Thursday,3,122.71,1,0.0,No Discount,0,UPI,8,7.54,East,122.71,29.27,35.92,1,29.27,No,0,68,65+,Female,9,1,Frequent Customer,High ($100-$200),1,122.71,35.92,1,122.71,0.0,9,1649.11,1115.47,183.23,0,4171,629825.54,622956.31,4.94
O115145,C10419,P240816,Home,2025-03-05,2025,3,March,1,2025-Q1,2025-03,10,Wednesday,2,82.0,1,0.1,Low (1-10%),1,Credit Card,4,6.26,South,73.8,14.4,10.63,1,14.4,No,0,41,36-45,Female,9,1,Frequent Customer,Medium ($50-$100),3,333.83000000000004,96.77000000000001,3,111.28,0.0,9,2880.62,4658.47,320.07,0,5487,1077681.52,1470821.78,5.65
O120473,C12479,P245480,Sports,2025-03-07,2025,3,March,1,2025-Q1,2025-03,10,Friday,4,252.27,1,0.2,Medium (11-20%),1,Credit Card,6,10.03,West,201.82,50.52,101.96,1,50.52,No,0,37,36-45,Female,3,1,Returning Customer,Very High (>$200),1,201.82,101.96,1,201.82,0.0,3,936.78,543.62,312.26,0,4171,629825.54,622956.31,4.94
O119482,C12433,P247208,Sports,2025-03-09,2025,3,March,1,2025-Q1,2025-03,10,Sunday,6,69.31,1,0.0,No Discount,0,Credit Card,3,6.77,North,69.31,14.02,9.72,1,14.02,No,0,21,18-25,Male,6,1,Frequent Customer,Medium ($50-$100),1,69.31,9.72,1,69.31,0.0,6,277.29,27.209999999999997,46.22,0,4171,629825.54,622956.31,4.94
O133401,C11177,P219622,Fashion,2025-03-15,2025,3,March,1,2025-Q1,2025-03,11,Saturday,5,31.33,1,0.0,No Discount,0,Credit Card,3,5.33,North,31.33,5.64,1.77,1,5.64,Yes,1,29,26-35,Male,6,1,Frequent Customer,Low (<$50),1,31.33,1.77,1,31.33,100.0,6,1083.99,1647.43,180.66,1,6254,471545.8,279933.9,8.28
O130142,C14773,P211970,Home,2025-03-16,2025,3,March,1,2025-Q1,2025-03,11,Sunday,6,210.14,1,0.0,No Discount,0,Debit Card,7,7.97,South,210.14,50.87,106.9,1,50.87,No,0,69,65+,Male,4,1,Frequent Customer,Very High (>$200),1,210.14,106.9,1,210.14,0.0,4,280.42999999999995,111.71000000000001,70.11,0,5487,1077681.52,1470821.78,5.65
O102858,C15105,P228268,Sports,2025-03-20,2025,3,March,1,2025-Q1,2025-03,12,Thursday,3,130.79,1,0.0,No Discount,0,Credit Card,5,8.48,North,130.79,30.76,40.23,1,30.76,No,0,34,26-35,Female,4,1,Frequent Customer,High ($100-$200),3,142.20999999999998,40.08,3,47.4,0.0,4,816.49,485.14,204.12,0,4171,629825.54,622956.31,4.94
O113687,C14471,P234904,Fashion,2025-03-21,2025,3,March,1,2025-Q1,2025-03,12,Friday,4,44.57,1,0.0,No Discount,0,Credit Card,3,8.01,North,44.57,7.59,3.38,1,7.59,No,0,39,36-45,Female,5,1,Frequent Customer,Low (<$50),3,1378.35,1874.5900000000001,5,275.67,0.0,5,1866.08,1393.98,373.22,1,6254,471545.8,279933.9,8.28
O124741,C10944,P221575,Beauty,2025-03-23,2025,3,March,1,2025-Q1,2025-03,12,Sunday,6,11.97,1,0.05,Low (1-10%),1,Debit Card,3,2.32,Central,11.37,2.8,0.32,1,2.8,No,0,20,18-25,Female,7,1,Frequent Customer,Low (<$50),2,13.29,0.32,2,6.64,0.0,7,926.51,619.12,132.36,0,4103,153019.38,52717.43,3.78
O107665,C12806,P244725,Beauty,2025-03-24,2025,3,March,1,2025-Q1,2025-03,13,Monday,0,27.67,1,0.0,No Discount,0,Credit Card,3,5.39,North,27.67,7.06,1.95,1,7.06,No,0,46,46-55,Other,7,1,Frequent Customer,Low (<$50),1,27.67,1.95,1,27.67,0.0,7,268.49,37.31,38.36,1,4103,153019.38,52717.43,3.78
O106087,C15166,P206455,Beauty,2025-03-24,2025,3,March,1,2025-Q1,2025-03,13,Monday,0,10.65,1,0.0,No Discount,0,UPI,5,3.1,East,10.65,1.69,0.18,1,1.69,No,0,25,18-25,Female,7,1,Frequent Customer,Low (<$50),1,10.65,0.18,1,10.65,0.0,7,941.87,403.71,134.55,1,4103,153019.38,52717.43,3.78
O103049,C11316,P216637,Beauty,2025-03-25,2025,3,March,1,2025-Q1,2025-03,13,Tuesday,1,32.54,2,0.0,No Discount,0,COD,6,6.18,North,65.08,23.11,15.04,1,23.11,No,0,25,18-25,Male,8,1,Frequent Customer,Medium ($50-$100),1,65.08,15.04,2,32.54,0.0,8,1567.8200000000002,1155.69,195.98,1,4103,153019.38,52717.43,3.78
O130134,C17247,P215155,Sports,2025-03-27,2025,3,March,1,2025-Q1,2025-03,13,Thursday,3,122.34,1,0.0,No Discount,0,Credit Card,5,8.66,South,122.34,28.04,34.3,1,28.04,No,0,18,18-25,Other,6,1,Frequent Customer,High ($100-$200),1,122.34,34.3,1,122.34,0.0,6,236.68,49.03999999999999,39.45,1,4171,629825.54,622956.31,4.94
O116472,C15324,P222968,Sports,2025-03-30,2025,3,March,1,2025-Q1,2025-03,13,Sunday,6,188.65,1,0.0,No Discount,0,Credit Card,5,7.59,West,188.65,49.0,92.44,1,49.0,No,0,36,36-45,Female,5,1,Frequent Customer,High ($100-$200),1,188.65,92.44,1,188.65,0.0,5,868.98,334.68,173.8,0,4171,629825.54,622956.31,4.94
O122734,C16652,P241591,Electronics,2025-03-30,2025,3,March,1,2025-Q1,2025-03,13,Sunday,6,358.32,3,0.0,No Discount,0,Credit Card,3,12.0,North,1074.96,117.0,1257.7,1,117.0,No,0,48,46-55,Male,6,1,Frequent Customer,Very High (>$200),1,1074.96,1257.7,3,358.32,0.0,6,1211.3600000000001,1269.81,201.89,0,6180,3319206.5,5069715.22,7.3
O120854,C16170,P224339,Grocery,2025-03-31,2025,3,March,1,2025-Q1,2025-03,14,Monday,0,1.42,4,0.05,Low (1-10%),1,Debit Card,3,2.13,Central,5.4,-1.7,-0.09,0,-1.7,No,0,34,26-35,Male,7,1,Frequent Customer,Low (<$50),2,17.310000000000002,-0.06,5,3.46,0.0,7,706.2,321.55,100.89,0,4058,82000.51,-800.46,1.31
O132864,C13118,P247365,Toys,2025-03-31,2025,3,March,1,2025-Q1,2025-03,14,Monday,0,35.69,5,0.0,No Discount,0,Debit Card,6,7.28,South,178.45,64.1,114.39,1,64.1,No,0,55,46-55,Female,6,1,Frequent Customer,High ($100-$200),1,178.45,114.39,5,35.69,0.0,6,557.9200000000001,252.67,92.99,1,4247,132013.8,32116.24,4.94
O104679,C11591,P248735,Fashion,2025-04-05,2025,4,April,2,2025-Q2,2025-04,14,Saturday,5,77.35,1,0.0,No Discount,0,Credit Card,8,5.75,Central,77.35,21.32,16.49,1,21.32,No,0,40,36-45,Female,4,1,Frequent Customer,Medium ($50-$100),1,77.35,16.49,1,77.35,0.0,4,373.37,137.48999999999998,93.34,0,6254,471545.8,279933.9,8.28
O107827,C16424,P233550,Grocery,2025-04-09,2025,4,April,2,2025-Q2,2025-04,15,Wednesday,2,4.79,1,0.0,No Discount,0,PayPal,5,3.7,North,4.79,-3.32,-0.16,0,-3.32,No,0,34,26-35,Other,3,1,Returning Customer,Low (<$50),3,751.4599999999999,580.44,3,250.49,0.0,3,208.39000000000001,51.150000000000006,69.46,0,4058,82000.51,-800.46,1.31
O110468,C15670,P236003,Grocery,2025-04-11,2025,4,April,2,2025-Q2,2025-04,15,Friday,4,5.21,1,0.1,Low (1-10%),1,COD,5,1.26,South,4.69,-0.88,-0.04,0,-0.88,No,0,30,26-35,Male,3,1,Returning Customer,Low (<$50),2,478.2,739.82,4,119.55,0.0,3,37.25,-1.19,12.42,0,4058,82000.51,-800.46,1.31
O101188,C16190,P203932,Toys,2025-04-14,2025,4,April,2,2025-Q2,2025-04,16,Monday,0,24.23,2,0.0,No Discount,0,Credit Card,4,5.61,West,48.46,13.77,6.67,1,13.77,No,0,38,36-45,Male,8,1,Frequent Customer,Low (<$50),1,48.46,6.67,2,24.23,0.0,8,926.2,281.09,115.78,0,4247,132013.8,32116.24,4.94
O115110,C17623,P222659,Beauty,2025-04-17,2025,4,April,2,2025-Q2,2025-04,16,Thursday,3,44.22,1,0.0,No Discount,0,Debit Card,6,5.05,East,44.22,14.85,6.57,1,14.85,No,0,54,46-55,Female,4,1,Frequent Customer,Low (<$50),3,478.45000000000005,475.06,3,159.48,0.0,4,185.69,32.38,46.42,0,4103,153019.38,52717.43,3.78
O129672,C14538,P246946,Beauty,2025-04-28,2025,4,April,2,2025-Q2,2025-04,18,Monday,0,11.26,1,0.3,High (>20%),1,Credit Card,6,2.34,South,7.88,1.21,0.1,1,1.21,No,0,30,26-35,Male,6,1,Frequent Customer,Low (<$50),1,7.88,0.1,1,7.88,0.0,6,228.79999999999998,24.25,38.13,1,4103,153019.38,52717.43,3.78
O128121,C11354,P221857,Electronics,2025-04-30,2025,4,April,2,2025-Q2,2025-04,18,Wednesday,2,69.66,3,0.0,No Discount,0,UPI,5,9.16,North,208.98,15.92,33.27,1,15.92,No,0,56,56-65,Male,6,1,Frequent Customer,Very High (>$200),3,396.67999999999995,96.34,5,79.34,0.0,6,971.78,513.01,161.96,0,6180,3319206.5,5069715.22,7.3
O124870,C15023,P249910,Sports,2025-05-01,2025,5,May,2,2025-Q2,2025-05,18,Thursday,3,105.96,1,0.0,No Discount,0,PayPal,5,5.75,South,105.96,26.04,27.59,1,26.04,No,0,33,26-35,Male,1,0,New Customer,High ($100-$200),1,105.96,27.59,1,105.96,0.0,1,105.96,27.59,105.96,0,4171,629825.54,622956.31,4.94
O128323,C13438,P207457,Electronics,2025-05-02,2025,5,May,2,2025-Q2,2025-05,18,Friday,4,101.73,1,0.0,No Discount,0,Credit Card,5,5.76,West,101.73,6.45,6.56,1,6.45,No,0,66,65+,Male,7,1,Frequent Customer,High ($100-$200),1,101.73,6.56,1,101.73,0.0,7,359.67,48.86,51.38,1,6180,3319206.5,5069715.22,7.3
O133033,C11259,P216351,Grocery,2025-05-03,2025,5,May,2,2025-Q2,2025-05,18,Saturday,5,1.37,1,0.0,No Discount,0,PayPal,3,1.63,North,1.37,-1.52,-0.02,0,-1.52,No,0,48,46-55,Female,4,1,Frequent Customer,Low (<$50),1,1.37,-0.02,1,1.37,0.0,4,153.9,42.45,38.48,0,4058,82000.51,-800.46,1.31
O104202,C10985,P218887,Sports,2025-05-03,2025,5,May,2,2025-Q2,2025-05,18,Saturday,5,51.66,1,0.1,Low (1-10%),1,PayPal,8,5.47,South,46.49,8.48,3.94,1,8.48,No,0,49,46-55,Female,4,1,Frequent Customer,Low (<$50),1,46.49,3.94,1,46.49,0.0,4,312.94,42.2,78.24,0,4171,629825.54,622956.31,4.94
O114857,C17262,P223683,Home,2025-05-03,2025,5,May,2,2025-Q2,2025-05,18,Saturday,5,307.4,1,0.05,Low (1-10%),1,Debit Card,4,8.86,North,292.03,72.91,212.92,1,72.91,No,0,27,26-35,Female,4,1,Frequent Customer,Very High (>$200),2,332.22999999999996,217.26,2,166.11,0.0,4,571.5799999999999,278.96,142.89,0,5487,1077681.52,1470821.78,5.65
O127034,C17890,P215650,Electronics,2025-05-04,2025,5,May,2,2025-Q2,2025-05,18,Sunday,6,1045.0,1,0.05,Low (1-10%),1,UPI,5,11.57,West,992.75,107.56,1067.8,1,107.56,No,0,62,56-65,Female,8,1,Frequent Customer,Very High (>$200),1,992.75,1067.8,1,992.75,0.0,8,1356.67,1118.99,169.58,0,6180,3319206.5,5069715.22,7.3
O105040,C11304,P233563,Sports,2025-05-05,2025,5,May,2,2025-Q2,2025-05,19,Monday,0,172.07,1,0.15,Medium (11-20%),1,Wallet,4,7.34,North,146.26,36.54,53.44,1,36.54,No,0,33,26-35,Male,8,1,Frequent Customer,High ($100-$200),2,163.70999999999998,52.809999999999995,2,81.85,0.0,8,1009.32,456.1,126.16,1,4171,629825.54,622956.31,4.94
O112571,C10393,P203605,Sports,2025-05-07,2025,5,May,2,2025-Q2,2025-05,19,Wednesday,2,50.22,1,0.3,High (>20%),1,Debit Card,3,4.55,Central,35.15,6.0,2.11,1,6.0,No,0,44,36-45,Female,8,1,Frequent Customer,Low (<$50),1,35.15,2.11,1,35.15,0.0,8,1016.69,820.28,127.09,0,4171,629825.54,622956.31,4.94
O107528,C12934,P206959,Electronics,2025-05-10,2025,5,May,2,2025-Q2,2025-05,19,Saturday,5,819.9,1,0.0,No Discount,0,COD,5,10.79,South,819.9,87.6,718.23,1,87.6,No,0,48,46-55,Female,5,1,Frequent Customer,Very High (>$200),1,819.9,718.23,1,819.9,0.0,5,1602.5,1055.99,320.5,1,6180,3319206.5,5069715.22,7.3
O128418,C16405,P209867,Fashion,2025-05-11,2025,5,May,2,2025-Q2,2025-05,19,Sunday,6,25.96,1,0.0,No Discount,0,Debit Card,3,7.14,North,25.96,1.95,0.51,1,1.95,Yes,1,22,18-25,Female,7,1,Frequent Customer,Low (<$50),1,25.96,0.51,1,25.96,100.0,7,237.89000000000001,25.54,33.98,1,6254,471545.8,279933.9,8.28
O111189,C14402,P243130,Beauty,2025-05-19,2025,5,May,2,2025-Q2,2025-05,21,Monday,0,19.77,3,0.0,No Discount,0,UPI,5,6.49,West,59.31,20.2,11.98,1,20.2,No,0,61,56-65,Female,6,1,Frequent Customer,Medium ($50-$100),1,59.31,11.98,3,19.77,0.0,6,1407.55,1361.37,234.59,0,4103,153019.38,52717.43,3.78
O104716,C17069,P231395,Electronics,2025-05-20,2025,5,May,2,2025-Q2,2025-05,21,Tuesday,1,167.18,1,0.0,No Discount,0,Credit Card,8,8.17,South,167.18,11.89,19.88,1,11.89,No,0,36,36-45,Female,11,1,VIP Customer,High ($100-$200),2,241.10000000000002,20.52,2,120.55,0.0,11,2713.88,2632.44,246.72,0,6180,3319206.5,5069715.22,7.3
O127925,C14590,P202659,Fashion,2025-05-23,2025,5,May,2,2025-Q2,2025-05,21,Friday,4,78.42,1,0.0,No Discount,0,Credit Card,5,8.45,North,78.42,19.0,14.9,1,19.0,No,0,25,18-25,Male,6,1,Frequent Customer,Medium ($50-$100),1,78.42,14.9,1,78.42,0.0,6,431.1,102.33,71.85,0,6254,471545.8,279933.9,8.28
O132071,C15324,P221965,Fashion,2025-05-24,2025,5,May,2,2025-Q2,2025-05,21,Saturday,5,17.98,1,0.0,No Discount,0,Credit Card,5,4.09,South,17.98,2.2,0.4,1,2.2,No,0,42,36-45,Female,5,1,Frequent Customer,Low (<$50),1,17.98,0.4,1,17.98,0.0,5,868.98,334.68,173.8,0,6254,471545.8,279933.9,8.28
O107397,C16009,P207935,Electronics,2025-05-25,2025,5,May,2,2025-Q2,2025-05,21,Sunday,6,518.57,4,0.0,No Discount,0,COD,5,11.51,South,2074.28,237.4,4924.34,1,237.4,No,0,39,36-45,Female,7,1,Frequent Customer,Very High (>$200),1,2074.28,4924.34,4,518.57,0.0,7,4282.93,7208.29,611.85,1,6180,3319206.5,5069715.22,7.3
O130736,C12638,P234452,Fashion,2025-05-26,2025,5,May,2,2025-Q2,2025-05,22,Monday,0,87.72,1,0.0,No Discount,0,Debit Card,5,6.04,East,87.72,24.66,21.63,1,24.66,No,0,57,56-65,Female,1,0,New Customer,Medium ($50-$100),1,87.72,21.63,1,87.72,0.0,1,87.72,21.63,87.72,0,6254,471545.8,279933.9,8.28
O120496,C13369,P247802,Electronics,2025-05-29,2025,5,May,2,2025-Q2,2025-05,22,Thursday,3,300.94,4,0.0,No Discount,0,Credit Card,5,12.95,West,1203.76,131.5,1582.94,1,131.5,No,0,69,65+,Male,6,1,Frequent Customer,Very High (>$200),2,1643.94,1781.64,5,328.79,0.0,6,1642.2199999999998,1686.8899999999999,273.7,0,6180,3319206.5,5069715.22,7.3
O133794,C12869,P246999,Toys,2025-06-01,2025,6,June,2,2025-Q2,2025-06,22,Sunday,6,26.05,4,0.0,No Discount,0,Debit Card,4,8.68,North,104.2,33.0,34.39,1,33.0,No,0,63,56-65,Female,7,1,Frequent Customer,High ($100-$200),3,694.14,304.26,10,69.41,0.0,7,1272.99,757.79,181.86,0,4247,132013.8,32116.24,4.94
O116501,C11724,P227945,Sports,2025-06-11,2025,6,June,2,2025-Q2,2025-06,24,Wednesday,2,10.38,3,0.0,No Discount,0,COD,5,4.22,South,31.14,5.12,1.59,1,5.12,No,0,25,18-25,Male,11,1,VIP Customer,Low (<$50),1,31.14,1.59,3,10.38,0.0,11,1240.61,742.67,112.78,0,4171,629825.54,622956.31,4.94
O132541,C12128,P210353,Grocery,2025-06-11,2025,6,June,2,2025-Q2,2025-06,24,Wednesday,2,23.58,1,0.0,No Discount,0,Credit Card,4,4.35,North,23.58,-2.46,-0.58,0,-2.46,No,0,33,26-35,Male,4,1,Frequent Customer,Low (<$50),3,63.16,-1.8499999999999999,6,10.53,0.0,4,3554.91,13148.48,888.73,0,4058,82000.51,-800.46,1.31
O127949,C14435,P246278,Grocery,2025-06-15,2025,6,June,2,2025-Q2,2025-06,24,Sunday,6,3.61,5,0.1,Low (1-10%),1,Credit Card,5,4.32,North,16.24,-3.02,-0.49,0,-3.02,No,0,69,65+,Female,9,1,Frequent Customer,Low (<$50),1,16.24,-0.49,5,3.25,0.0,9,758.81,647.4499999999999,84.31,0,4058,82000.51,-800.46,1.31
O110673,C17160,P201896,Grocery,2025-06-17,2025,6,June,2,2025-Q2,2025-06,25,Tuesday,1,19.27,1,0.05,Low (1-10%),1,Credit Card,5,5.44,East,18.31,-3.98,-0.73,0,-3.98,No,0,57,56-65,Female,6,1,Frequent Customer,Low (<$50),3,115.15,12.98,3,38.38,0.0,6,151.85,10.3,25.31,0,4058,82000.51,-800.46,1.31
O114872,C14842,P211291,Toys,2025-06-19,2025,6,June,2,2025-Q2,2025-06,25,Thursday,3,43.24,1,0.15,Medium (11-20%),1,Credit Card,3,4.58,North,36.75,10.12,3.72,1,10.12,No,0,56,56-65,Female,3,1,Returning Customer,Low (<$50),3,293.45,81.83,3,97.82,0.0,3,260.58,90.85,86.86,0,4247,132013.8,32116.24,4.94
O114582,C13757,P220197,Electronics,2025-06-20,2025,6,June,2,2025-Q2,2025-06,25,Friday,4,120.69,1,0.0,No Discount,0,UPI,6,7.28,Central,120.69,7.2,8.69,1,7.2,No,0,54,46-55,Male,5,1,Frequent Customer,High ($100-$200),2,310.51,35.83,2,155.26,0.0,5,212.87,12.19,42.57,0,6180,3319206.5,5069715.22,7.3
O117760,C17831,P201344,Fashion,2025-06-21,2025,6,June,2,2025-Q2,2025-06,25,Saturday,5,87.08,4,0.0,No Discount,0,UPI,4,7.65,South,348.32,114.26,397.99,1,114.26,No,0,60,56-65,Male,5,1,Frequent Customer,Very High (>$200),1,348.32,397.99,4,87.08,0.0,5,3844.0400000000004,5715.44,768.81,0,6254,471545.8,279933.9,8.28
O131532,C13994,P248130,Fashion,2025-06-23,2025,6,June,2,2025-Q2,2025-06,26,Monday,0,6.04,1,0.0,No Discount,0,UPI,6,3.49,West,6.04,-1.38,-0.08,0,-1.38,No,0,24,18-25,Female,7,1,Frequent Customer,Low (<$50),1,6.04,-0.08,1,6.04,0.0,7,1095.76,720.12,156.54,0,6254,471545.8,279933.9,8.28
O107063,C12953,P214438,Toys,2025-06-26,2025,6,June,2,2025-Q2,2025-06,26,Thursday,3,19.44,5,0.0,No Discount,0,Credit Card,5,4.23,East,97.2,34.65,33.68,1,34.65,No,0,23,18-25,Female,7,1,Frequent Customer,Medium ($50-$100),1,97.2,33.68,5,19.44,0.0,7,550.87,401.51,78.7,1,4247,132013.8,32116.24,4.94
O105860,C11537,P223212,Grocery,2025-06-27,2025,6,June,2,2025-Q2,2025-06,26,Friday,4,15.34,3,0.05,Low (1-10%),1,Credit Card,6,4.92,West,43.72,-1.42,-0.62,0,-1.42,No,0,64,56-65,Male,7,1,Frequent Customer,Low (<$50),1,43.72,-0.62,3,14.57,0.0,7,1805.1399999999999,2389.65,257.88,1,4058,82000.51,-800.46,1.31
O121938,C11801,P233907,Electronics,2025-07-02,2025,7,July,3,2025-Q3,2025-07,27,Wednesday,2,166.04,1,0.05,Low (1-10%),1,Debit Card,3,8.21,North,157.74,10.72,16.91,1,10.72,No,0,26,26-35,Female,4,1,Frequent Customer,High ($100-$200),1,157.74,16.91,1,157.74,0.0,4,277.69000000000005,28.050000000000004,69.42,0,6180,3319206.5,5069715.22,7.3
O101270,C17536,P203139,Electronics,2025-07-03,2025,7,July,3,2025-Q3,2025-07,27,Thursday,3,244.72,2,0.0,No Discount,0,PayPal,4,11.0,West,489.44,47.73,233.61,1,47.73,No,0,56,56-65,Female,3,1,Returning Customer,Very High (>$200),1,489.44,233.61,2,244.72,0.0,3,670.98,258.2,223.66,0,6180,3319206.5,5069715.22,7.3
O120574,C13109,P247147,Fashion,2025-07-04,2025,7,July,3,2025-Q3,2025-07,27,Friday,4,7.5,1,0.2,Medium (11-20%),1,Debit Card,7,2.16,South,6.0,-0.06,-0.0,0,-0.06,No,0,55,46-55,Other,7,1,Frequent Customer,Low (<$50),1,6.0,0.0,1,6.0,0.0,7,1897.48,2510.32,271.07,0,6254,471545.8,279933.9,8.28
O103230,C10340,P246925,Fashion,2025-07-05,2025,7,July,3,2025-Q3,2025-07,27,Saturday,5,82.06,1,0.0,No Discount,0,UPI,6,4.45,Central,82.06,24.27,19.92,1,24.27,No,0,19,18-25,Female,8,1,Frequent Customer,Medium ($50-$100),2,397.62,271.86,2,198.81,0.0,8,2040.14,1479.96,255.02,0,6254,471545.8,279933.9,8.28
O102772,C15280,P207943,Fashion,2025-07-07,2025,7,July,3,2025-Q3,2025-07,28,Monday,0,9.88,1,0.1,Low (1-10%),1,Debit Card,3,2.03,North,8.89,1.08,0.1,1,1.08,No,0,59,56-65,Male,8,1,Frequent Customer,Low (<$50),1,8.89,0.1,1,8.89,0.0,8,300.03000000000003,16.28,37.5,0,6254,471545.8,279933.9,8.28
O128057,C13684,P204982,Electronics,2025-07-08,2025,7,July,3,2025-Q3,2025-07,28,Tuesday,1,287.17,1,0.05,Low (1-10%),1,Credit Card,6,7.84,South,272.81,24.9,67.93,1,24.9,No,0,29,26-35,Male,3,1,Returning Customer,Very High (>$200),1,272.81,67.93,1,272.81,0.0,3,443.49,73.13000000000001,147.83,0,6180,3319206.5,5069715.22,7.3
O119221,C10319,P223173,Fashion,2025-07-09,2025,7,July,3,2025-Q3,2025-07,28,Wednesday,2,31.66,2,0.0,No Discount,0,COD,5,6.04,Central,63.32,16.12,10.21,1,16.12,No,0,36,36-45,Male,4,1,Frequent Customer,Medium ($50-$100),1,63.32,10.21,2,31.66,0.0,4,324.13,64.18,81.03,0,6254,471545.8,279933.9,8.28
O110337,C12738,P201049,Fashion,2025-07-13,2025,7,July,3,2025-Q3,2025-07,28,Sunday,6,123.87,1,0.15,Medium (11-20%),1,UPI,4,7.17,South,105.29,29.68,31.25,1,29.68,No,0,64,56-65,Female,6,1,Frequent Customer,High ($100-$200),2,1035.27,966.25,2,517.64,0.0,6,1393.91,1174.4399999999998,232.32,0,6254,471545.8,279933.9,8.28
O102464,C13860,P206704,Fashion,2025-07-15,2025,7,July,3,2025-Q3,2025-07,29,Tuesday,1,123.8,1,0.05,Low (1-10%),1,COD,5,7.62,North,117.61,33.54,39.45,1,33.54,No,0,58,56-65,Male,2,1,Returning Customer,High ($100-$200),2,739.34,441.09,2,369.67,0.0,2,151.91,41.11,75.96,0,6254,471545.8,279933.9,8.28
O124016,C10578,P216315,Fashion,2025-07-16,2025,7,July,3,2025-Q3,2025-07,29,Wednesday,2,17.55,1,0.0,No Discount,0,Credit Card,4,4.19,North,17.55,1.95,0.34,1,1.95,No,0,65,56-65,Male,4,1,Frequent Customer,Low (<$50),3,95.4,-0.06999999999999984,5,19.08,0.0,4,72.84,1.81,18.21,0,6254,471545.8,279933.9,8.28
O113691,C12158,P207763,Grocery,2025-07-17,2025,7,July,3,2025-Q3,2025-07,29,Thursday,3,47.07,2,0.1,Low (1-10%),1,Credit Card,3,5.54,North,84.73,1.24,1.05,1,1.24,No,0,30,26-35,Male,10,1,Frequent Customer,Medium ($50-$100),2,93.88000000000001,0.98,3,31.29,0.0,10,3223.83,5257.47,322.38,1,4058,82000.51,-800.46,1.31
O100200,C15116,P204588,Grocery,2025-07-23,2025,7,July,3,2025-Q3,2025-07,30,Wednesday,2,13.27,4,0.0,No Discount,0,COD,5,4.7,Central,53.08,-0.45,-0.24,0,-0.45,No,0,40,36-45,Male,4,1,Frequent Customer,Medium ($50-$100),1,53.08,-0.24,4,13.27,0.0,4,549.09,181.74,137.27,0,4058,82000.51,-800.46,1.31
O115165,C10591,P207235,Sports,2025-07-26,2025,7,July,3,2025-Q3,2025-07,30,Saturday,5,139.37,1,0.0,No Discount,0,Debit Card,5,6.1,South,139.37,35.71,49.77,1,35.71,No,0,33,26-35,Male,6,1,Frequent Customer,High ($100-$200),3,327.23,133.87,5,65.45,0.0,6,547.27,148.0,91.21,0,4171,629825.54,622956.31,4.94
O124267,C11983,P209333,Fashion,2025-07-27,2025,7,July,3,2025-Q3,2025-07,30,Sunday,6,43.78,1,0.0,No Discount,0,PayPal,6,5.24,East,43.78,10.08,4.41,1,10.08,No,0,20,18-25,Female,1,0,New Customer,Low (<$50),2,55.61,3.95,2,27.8,0.0,1,43.78,4.41,43.78,0,6254,471545.8,279933.9,8.28
O116780,C12849,P217527,Fashion,2025-07-31,2025,7,July,3,2025-Q3,2025-07,31,Thursday,3,137.68,1,0.0,No Discount,0,COD,5,6.62,West,137.68,41.57,57.23,1,41.57,No,0,35,26-35,Female,10,1,Frequent Customer,High ($100-$200),3,172.15,57.83,3,57.38,0.0,10,1108.92,862.72,110.89,0,6254,471545.8,279933.9,8.28
O110290,C14302,P229184,Grocery,2025-07-31,2025,7,July,3,2025-Q3,2025-07,31,Thursday,3,14.67,2,0.0,No Discount,0,Wallet,5,5.27,West,29.34,-2.92,-0.86,0,-2.92,No,0,38,36-45,Male,7,1,Frequent Customer,Low (<$50),2,706.2,1224.8700000000001,5,141.24,0.0,7,4163.1900000000005,15596.28,594.74,0,4058,82000.51,-800.46,1.31
O115973,C17096,P229928,Fashion,2025-07-31,2025,7,July,3,2025-Q3,2025-07,31,Thursday,3,94.68,2,0.0,No Discount,0,Credit Card,6,7.0,North,189.36,59.28,112.25,1,59.28,Yes,1,34,26-35,Female,4,1,Frequent Customer,High ($100-$200),1,189.36,112.25,2,94.68,100.0,4,677.36,217.70000000000002,169.34,1,6254,471545.8,279933.9,8.28
O128349,C10488,P203185,Toys,2025-08-15,2025,8,August,3,2025-Q3,2025-08,33,Friday,4,5.21,1,0.1,Low (1-10%),1,Credit Card,5,0.74,East,4.69,1.14,0.05,1,1.14,No,0,43,36-45,Female,6,1,Frequent Customer,Low (<$50),2,10.38,-0.039999999999999994,2,5.19,0.0,6,990.0799999999999,602.36,165.01,1,4247,132013.8,32116.24,4.94
O111578,C14228,P231196,Fashion,2025-08-15,2025,8,August,3,2025-Q3,2025-08,33,Friday,4,49.72,2,0.0,No Discount,0,Wallet,3,7.55,Central,99.44,27.25,27.1,1,27.25,No,0,57,56-65,Other,12,1,VIP Customer,Medium ($50-$100),1,99.44,27.1,2,49.72,0.0,12,3627.31,2693.01,302.28,1,6254,471545.8,279933.9,8.28
O120374,C17793,P242814,Fashion,2025-08-16,2025,8,August,3,2025-Q3,2025-08,33,Saturday,5,94.81,1,0.0,No Discount,0,Debit Card,6,6.42,East,94.81,26.76,25.37,1,26.76,No,0,64,56-65,Male,2,1,Returning Customer,Medium ($50-$100),2,689.1700000000001,380.74,3,229.72,0.0,2,117.05,26.2,58.52,0,6254,471545.8,279933.9,8.28
O105814,C16033,P203763,Home,2025-08-17,2025,8,August,3,2025-Q3,2025-08,33,Sunday,6,197.55,1,0.0,No Discount,0,Credit Card,6,9.18,East,197.55,46.13,91.13,1,46.13,No,0,25,18-25,Male,8,1,Frequent Customer,High ($100-$200),3,222.81,91.82,3,74.27,0.0,8,1537.16,889.96,192.14,0,5487,1077681.52,1470821.78,5.65
O130715,C13166,P244349,Toys,2025-08-19,2025,8,August,3,2025-Q3,2025-08,34,Tuesday,1,15.36,2,0.15,Medium (11-20%),1,PayPal,4,5.09,North,26.11,5.35,1.4,1,5.35,No,0,60,56-65,Female,3,1,Returning Customer,Low (<$50),3,1198.35,706.83,4,299.59,0.0,3,115.07,17.21,38.36,0,4247,132013.8,32116.24,4.94
O121424,C14793,P235357,Grocery,2025-08-20,2025,8,August,3,2025-Q3,2025-08,34,Wednesday,2,9.71,3,0.0,No Discount,0,Debit Card,3,5.25,North,29.13,-2.92,-0.85,0,-2.92,No,0,59,56-65,Male,6,1,Frequent Customer,Low (<$50),2,63.620000000000005,2.53,4,15.9,0.0,6,972.6700000000001,1257.87,162.11,0,4058,82000.51,-800.46,1.31
O120024,C13368,P209160,Sports,2025-08-20,2025,8,August,3,2025-Q3,2025-08,34,Wednesday,2,25.79,1,0.0,No Discount,0,COD,7,4.99,Central,25.79,2.75,0.71,1,2.75,No,0,44,36-45,Female,9,1,Frequent Customer,Low (<$50),2,55.57,2.6399999999999997,2,27.78,0.0,9,1018.86,698.91,113.21,1,4171,629825.54,622956.31,4.94
O133244,C12357,P232795,Home,2025-08-22,2025,8,August,3,2025-Q3,2025-08,34,Friday,4,96.13,2,0.05,Low (1-10%),1,Debit Card,3,8.55,Central,182.65,42.59,77.79,1,42.59,No,0,44,36-45,Female,4,1,Frequent Customer,High ($100-$200),2,257.59000000000003,92.18,5,51.52,0.0,4,626.33,450.55,156.58,1,5487,1077681.52,1470821.78,5.65
O113903,C14196,P227987,Fashion,2025-08-24,2025,8,August,3,2025-Q3,2025-08,34,Sunday,6,14.29,1,0.05,Low (1-10%),1,COD,8,3.75,North,13.58,1.0,0.14,1,1.0,Yes,1,69,65+,Male,5,1,Frequent Customer,Low (<$50),3,123.08,21.81,3,41.03,66.67,5,992.57,859.5199999999999,198.51,1,6254,471545.8,279933.9,8.28
O129529,C13207,P247529,Home,2025-08-26,2025,8,August,3,2025-Q3,2025-08,35,Tuesday,1,18.83,1,0.0,No Discount,0,UPI,4,5.03,South,18.83,0.24,0.05,1,0.24,No,0,60,56-65,Other,3,1,Returning Customer,Low (<$50),1,18.83,0.05,1,18.83,0.0,3,63.669999999999995,-1.46,21.22,0,5487,1077681.52,1470821.78,5.65
O134028,C11170,P238394,Fashion,2025-08-27,2025,8,August,3,2025-Q3,2025-08,35,Wednesday,2,12.6,1,0.0,No Discount,0,PayPal,5,3.57,West,12.6,0.84,0.11,1,0.84,No,0,45,36-45,Male,2,1,Returning Customer,Low (<$50),2,317.74,86.07,3,105.91,0.0,2,84.14999999999999,1.4600000000000002,42.08,0,6254,471545.8,279933.9,8.28
O101788,C11387,P230144,Sports,2025-08-29,2025,8,August,3,2025-Q3,2025-08,35,Friday,4,18.65,1,0.1,Low (1-10%),1,UPI,6,2.54,South,16.78,2.49,0.42,1,2.49,No,0,32,26-35,Male,5,1,Frequent Customer,Low (<$50),1,16.78,0.42,1,16.78,0.0,5,418.33,317.65000000000003,83.67,1,4171,629825.54,622956.31,4.94
O114601,C13744,P239776,Grocery,2025-08-29,2025,8,August,3,2025-Q3,2025-08,35,Friday,4,7.22,1,0.0,No Discount,0,Credit Card,4,2.06,South,7.22,-1.48,-0.11,0,-1.48,No,0,18,18-25,Female,6,1,Frequent Customer,Low (<$50),2,128.98000000000002,50.52,5,25.8,0.0,6,1008.11,1034.96,168.02,0,4058,82000.51,-800.46,1.31
O110927,C13185,P216798,Beauty,2025-08-30,2025,8,August,3,2025-Q3,2025-08,35,Saturday,5,9.96,1,0.0,No Discount,0,Credit Card,3,2.16,North,9.96,2.32,0.23,1,2.32,No,0,29,26-35,Male,10,1,Frequent Customer,Low (<$50),2,45.480000000000004,3.6,4,11.37,0.0,10,1103.6200000000001,592.44,110.36,0,4103,153019.38,52717.43,3.78
O104032,C14666,P205555,Toys,2025-08-31,2025,8,August,3,2025-Q3,2025-08,35,Sunday,6,18.2,1,0.0,No Discount,0,Wallet,4,5.81,South,18.2,1.47,0.27,1,1.47,No,0,40,36-45,Other,3,1,Returning Customer,Low (<$50),2,36.84,-0.35,2,18.42,0.0,3,98.07000000000001,13.85,32.69,0,4247,132013.8,32116.24,4.94
O106821,C14735,P233484,Sports,2025-09-01,2025,9,September,3,2025-Q3,2025-09,36,Monday,0,42.12,1,0.0,No Discount,0,Credit Card,3,5.64,Central,42.12,7.0,2.95,1,7.0,No,0,51,46-55,Male,6,1,Frequent Customer,Low (<$50),2,107.47999999999999,3.39,2,53.74,0.0,6,1132.53,780.02,188.76,0,4171,629825.54,622956.31,4.94
O133102,C10614,P237025,Beauty,2025-09-04,2025,9,September,3,2025-Q3,2025-09,36,Thursday,3,4.67,1,0.1,Low (1-10%),1,COD,7,3.56,East,4.2,-1.67,-0.07,0,-1.67,No,0,47,46-55,Other,7,1,Frequent Customer,Low (<$50),2,45.63,-1.28,2,22.82,0.0,7,782.5,286.15000000000003,111.79,0,4103,153019.38,52717.43,3.78
